Order ID,Order Date,Customer ID,Product,Category,Price,Quantity,Amount,City,Payment Method,Year,Month,Month Name,Quarter
11233,2023-08-27,1729,Laptop,Electronics,60499,1,60499,Mumbai,Credit Card,2023,8,August,3
13505,2023-03-23,1054,Laptop,Electronics,60498,4,241992,Mumbai,UPI,2023,3,March,1
10707,2023-05-25,1782,Laptop,Electronics,60497,2,120994,Chandigarh,Debit Card,2023,5,May,2
11387,2023-08-17,1864,Laptop,Electronics,60497,2,120994,Delhi,Debit Card,2023,8,August,3
12300,2023-10-13,1659,Laptop,Electronics,60496,4,241984,Mumbai,Cash on Delivery,2023,10,October,4
13303,2024-03-29,1685,Laptop,Electronics,60494,2,120988,Bangalore,Cash on Delivery,2024,3,March,1
14008,2024-11-05,1188,Laptop,Electronics,60491,4,241964,Jaipur,Debit Card,2024,11,November,4
13687,2024-09-15,1870,Laptop,Electronics,60490,1,60490,Delhi,Debit Card,2024,9,September,3
12188,2023-07-21,1431,Laptop,Electronics,60490,2,120980,Chandigarh,Debit Card,2023,7,July,3
12442,2024-05-24,1609,Laptop,Electronics,60485,4,241940,Shimla,Cash on Delivery,2024,5,May,2
14967,2024-06-06,1938,Laptop,Electronics,60481,4,241924,Delhi,Credit Card,2024,6,June,2
10199,2023-04-23,1155,Laptop,Electronics,60481,3,181443,Shimla,Cash on Delivery,2023,4,April,2
12735,2023-11-10,1176,Laptop,Electronics,60480,3,181440,Shimla,Credit Card,2023,11,November,4
14161,2024-02-27,1001,Laptop,Electronics,60472,1,60472,Chandigarh,UPI,2024,2,February,1
12798,2023-12-30,1560,Laptop,Electronics,60468,1,60468,Chandigarh,Debit Card,2023,12,December,4
11074,2023-07-15,1600,Laptop,Electronics,60466,2,120932,Bangalore,Cash on Delivery,2023,7,July,3
11849,2024-06-07,1339,Laptop,Electronics,60466,3,181398,Chandigarh,UPI,2024,6,June,2
10590,2024-02-02,1709,Laptop,Electronics,60466,3,181398,Shimla,Cash on Delivery,2024,2,February,1
10148,2024-02-11,1348,Laptop,Electronics,60462,4,241848,Shimla,Debit Card,2024,2,February,1
12077,2023-03-06,1546,Laptop,Electronics,60459,2,120918,Shimla,Cash on Delivery,2023,3,March,1
11922,2024-01-16,1527,Laptop,Electronics,60455,1,60455,Delhi,Cash on Delivery,2024,1,January,1
13177,2024-02-10,1662,Laptop,Electronics,60454,1,60454,Shimla,Cash on Delivery,2024,2,February,1
12855,2024-01-06,1733,Laptop,Electronics,60453,2,120906,Jaipur,UPI,2024,1,January,1
10233,2024-02-05,1363,Laptop,Electronics,60452,2,120904,Jaipur,Credit Card,2024,2,February,1
11888,2024-11-19,1167,Laptop,Electronics,60449,3,181347,Delhi,Cash on Delivery,2024,11,November,4
12374,2024-06-20,1498,Laptop,Electronics,60448,3,181344,Mumbai,Cash on Delivery,2024,6,June,2
10974,2024-12-24,1180,Laptop,Electronics,60447,4,241788,Delhi,UPI,2024,12,December,4
14142,2024-04-24,1128,Laptop,Electronics,60446,3,181338,Bangalore,UPI,2024,4,April,2
13655,2024-09-30,1959,Laptop,Electronics,60445,1,60445,Bangalore,Cash on Delivery,2024,9,September,3
12870,2024-07-26,1646,Laptop,Electronics,60443,1,60443,Bangalore,Cash on Delivery,2024,7,July,3
11897,2024-02-22,1959,Laptop,Electronics,60443,2,120886,Delhi,Debit Card,2024,2,February,1
10455,2024-12-04,1090,Laptop,Electronics,60439,3,181317,Jaipur,Debit Card,2024,12,December,4
12883,2024-07-30,1270,Laptop,Electronics,60434,2,120868,Mumbai,Cash on Delivery,2024,7,July,3
10358,2024-11-30,1369,Laptop,Electronics,60434,2,120868,Jaipur,Credit Card,2024,11,November,4
13903,2024-08-20,1015,Laptop,Electronics,60433,3,181299,Chandigarh,Debit Card,2024,8,August,3
12845,2023-11-09,1133,Laptop,Electronics,60433,3,181299,Chandigarh,UPI,2023,11,November,4
12360,2023-10-16,1017,Laptop,Electronics,60432,1,60432,Chandigarh,UPI,2023,10,October,4
10329,2023-08-14,1268,Laptop,Electronics,60431,1,60431,Mumbai,Cash on Delivery,2023,8,August,3
12821,2024-07-09,1790,Laptop,Electronics,60428,2,120856,Chandigarh,Credit Card,2024,7,July,3
10540,2024-11-19,1334,Laptop,Electronics,60425,4,241700,Bangalore,UPI,2024,11,November,4
10853,2023-08-02,1765,Laptop,Electronics,60425,1,60425,Jaipur,Cash on Delivery,2023,8,August,3
10896,2023-02-08,1026,Laptop,Electronics,60423,4,241692,Shimla,Credit Card,2023,2,February,1
11164,2024-10-25,1141,Laptop,Electronics,60422,2,120844,Bangalore,UPI,2024,10,October,4
13156,2024-03-20,1361,Laptop,Electronics,60422,3,181266,Delhi,Cash on Delivery,2024,3,March,1
13617,2024-03-12,1879,Laptop,Electronics,60418,3,181254,Bangalore,UPI,2024,3,March,1
14361,2023-10-28,1696,Laptop,Electronics,60416,3,181248,Delhi,Cash on Delivery,2023,10,October,4
13965,2024-08-15,1202,Laptop,Electronics,60416,3,181248,Mumbai,Debit Card,2024,8,August,3
11196,2024-10-31,1949,Laptop,Electronics,60415,3,181245,Jaipur,Debit Card,2024,10,October,4
10382,2023-02-08,1281,Laptop,Electronics,60412,3,181236,Delhi,Credit Card,2023,2,February,1
14668,2024-07-10,1605,Laptop,Electronics,60408,1,60408,Delhi,Cash on Delivery,2024,7,July,3
11307,2024-12-27,1990,Laptop,Electronics,60408,3,181224,Jaipur,UPI,2024,12,December,4
13009,2024-07-25,1852,Laptop,Electronics,60407,3,181221,Delhi,Debit Card,2024,7,July,3
10290,2024-02-24,1492,Laptop,Electronics,60406,2,120812,Delhi,Credit Card,2024,2,February,1
14960,2024-01-15,1015,Laptop,Electronics,60406,1,60406,Chandigarh,Cash on Delivery,2024,1,January,1
14510,2024-07-01,1698,Laptop,Electronics,60404,1,60404,Delhi,Cash on Delivery,2024,7,July,3
14311,2024-09-27,1100,Laptop,Electronics,60398,2,120796,Jaipur,Debit Card,2024,9,September,3
12390,2023-09-11,1192,Laptop,Electronics,60398,2,120796,Bangalore,Cash on Delivery,2023,9,September,3
11122,2023-04-16,1331,Laptop,Electronics,60395,1,60395,Delhi,UPI,2023,4,April,2
13098,2023-03-24,1545,Laptop,Electronics,60394,1,60394,Jaipur,Debit Card,2023,3,March,1
13883,2024-05-03,1132,Laptop,Electronics,60389,3,181167,Bangalore,Credit Card,2024,5,May,2
13200,2024-10-26,1299,Laptop,Electronics,60386,4,241544,Delhi,Credit Card,2024,10,October,4
13939,2024-08-23,1987,Laptop,Electronics,60385,3,181155,Mumbai,Credit Card,2024,8,August,3
10368,2024-07-23,1286,Laptop,Electronics,60383,3,181149,Mumbai,Credit Card,2024,7,July,3
13892,2024-11-03,1478,Laptop,Electronics,60378,2,120756,Shimla,Debit Card,2024,11,November,4
12814,2024-09-23,1935,Laptop,Electronics,60376,2,120752,Chandigarh,Debit Card,2024,9,September,3
12596,2024-06-27,1089,Laptop,Electronics,60369,3,181107,Mumbai,Credit Card,2024,6,June,2
12536,2024-01-26,1096,Laptop,Electronics,60367,1,60367,Bangalore,Debit Card,2024,1,January,1
12968,2024-06-03,1751,Laptop,Electronics,60364,2,120728,Shimla,Cash on Delivery,2024,6,June,2
10941,2024-03-21,1049,Laptop,Electronics,60364,4,241456,Jaipur,Debit Card,2024,3,March,1
14128,2024-05-18,1388,Laptop,Electronics,60361,4,241444,Chandigarh,Cash on Delivery,2024,5,May,2
10805,2023-07-03,1893,Laptop,Electronics,60360,3,181080,Chandigarh,UPI,2023,7,July,3
12840,2023-07-18,1338,Laptop,Electronics,60359,3,181077,Mumbai,Debit Card,2023,7,July,3
14543,2024-09-15,1945,Laptop,Electronics,60353,2,120706,Jaipur,Debit Card,2024,9,September,3
13584,2024-07-26,1278,Laptop,Electronics,60352,1,60352,Delhi,Cash on Delivery,2024,7,July,3
11565,2023-07-14,1522,Laptop,Electronics,60346,1,60346,Delhi,Debit Card,2023,7,July,3
12690,2023-03-11,1556,Laptop,Electronics,60345,3,181035,Chandigarh,Debit Card,2023,3,March,1
12322,2023-07-15,1421,Laptop,Electronics,60342,3,181026,Chandigarh,Debit Card,2023,7,July,3
12387,2024-01-25,1581,Laptop,Electronics,60341,1,60341,Bangalore,Debit Card,2024,1,January,1
10302,2023-06-12,1148,Laptop,Electronics,60340,2,120680,Mumbai,Cash on Delivery,2023,6,June,2
11243,2023-03-19,1110,Laptop,Electronics,60333,4,241332,Bangalore,Cash on Delivery,2023,3,March,1
12381,2023-04-02,1070,Laptop,Electronics,60333,4,241332,Delhi,Debit Card,2023,4,April,2
14522,2024-10-23,1328,Laptop,Electronics,60331,2,120662,Delhi,Debit Card,2024,10,October,4
11070,2023-04-07,1335,Laptop,Electronics,60331,3,180993,Chandigarh,Cash on Delivery,2023,4,April,2
11761,2024-05-15,1704,Laptop,Electronics,60330,4,241320,Chandigarh,Credit Card,2024,5,May,2
10517,2024-05-13,1980,Laptop,Electronics,60328,4,241312,Mumbai,Debit Card,2024,5,May,2
14516,2023-08-01,1891,Laptop,Electronics,60319,4,241276,Mumbai,Debit Card,2023,8,August,3
14191,2024-04-18,1844,Laptop,Electronics,60318,4,241272,Shimla,Credit Card,2024,4,April,2
13027,2024-11-22,1109,Laptop,Electronics,60317,1,60317,Delhi,Debit Card,2024,11,November,4
10885,2024-09-14,1910,Laptop,Electronics,60317,4,241268,Delhi,Credit Card,2024,9,September,3
11165,2023-01-25,1316,Laptop,Electronics,60315,4,241260,Mumbai,Credit Card,2023,1,January,1
11845,2024-11-30,1681,Laptop,Electronics,60312,4,241248,Jaipur,Credit Card,2024,11,November,4
13631,2023-01-10,1765,Laptop,Electronics,60305,3,180915,Shimla,Credit Card,2023,1,January,1
11882,2024-05-30,1549,Laptop,Electronics,60304,4,241216,Chandigarh,UPI,2024,5,May,2
12092,2023-11-24,1690,Laptop,Electronics,60301,3,180903,Delhi,Debit Card,2023,11,November,4
12858,2024-02-29,1999,Laptop,Electronics,60300,3,180900,Bangalore,UPI,2024,2,February,1
13181,2024-05-19,1236,Laptop,Electronics,60298,1,60298,Mumbai,Debit Card,2024,5,May,2
14206,2023-06-17,1949,Laptop,Electronics,60294,4,241176,Bangalore,Debit Card,2023,6,June,2
12426,2024-02-26,1830,Laptop,Electronics,60290,3,180870,Shimla,Debit Card,2024,2,February,1
14978,2023-03-25,1648,Laptop,Electronics,60287,2,120574,Bangalore,Credit Card,2023,3,March,1
11434,2024-05-12,1819,Laptop,Electronics,60287,1,60287,Chandigarh,Cash on Delivery,2024,5,May,2
12305,2023-06-10,1164,Laptop,Electronics,60286,4,241144,Chandigarh,Credit Card,2023,6,June,2
15000,2024-05-30,1505,Laptop,Electronics,60286,4,241144,Bangalore,Credit Card,2024,5,May,2
12314,2024-07-31,1611,Laptop,Electronics,60286,3,180858,Jaipur,Cash on Delivery,2024,7,July,3
12232,2023-10-15,1487,Laptop,Electronics,60285,1,60285,Shimla,Debit Card,2023,10,October,4
10903,2023-05-25,1163,Laptop,Electronics,60284,3,180852,Shimla,Debit Card,2023,5,May,2
14882,2024-07-20,1279,Laptop,Electronics,60282,2,120564,Shimla,Cash on Delivery,2024,7,July,3
10727,2023-08-12,1958,Laptop,Electronics,60279,1,60279,Shimla,Cash on Delivery,2023,8,August,3
10567,2023-09-22,1821,Laptop,Electronics,60277,1,60277,Shimla,Debit Card,2023,9,September,3
11915,2023-11-30,1911,Laptop,Electronics,60275,4,241100,Jaipur,UPI,2023,11,November,4
12727,2023-03-01,1130,Laptop,Electronics,60271,1,60271,Chandigarh,Credit Card,2023,3,March,1
10034,2023-02-28,1064,Laptop,Electronics,60269,3,180807,Mumbai,Cash on Delivery,2023,2,February,1
14719,2023-04-02,1505,Laptop,Electronics,60268,3,180804,Bangalore,UPI,2023,4,April,2
11885,2024-06-15,1074,Laptop,Electronics,60263,2,120526,Shimla,Credit Card,2024,6,June,2
14871,2024-10-22,1699,Laptop,Electronics,60260,3,180780,Jaipur,Credit Card,2024,10,October,4
10840,2024-05-27,1282,Laptop,Electronics,60258,2,120516,Bangalore,UPI,2024,5,May,2
10977,2023-04-23,1186,Laptop,Electronics,60257,1,60257,Delhi,Debit Card,2023,4,April,2
14365,2023-06-13,1461,Laptop,Electronics,60257,4,241028,Bangalore,Debit Card,2023,6,June,2
14700,2024-02-13,1298,Laptop,Electronics,60256,2,120512,Chandigarh,Cash on Delivery,2024,2,February,1
11030,2023-05-12,1011,Laptop,Electronics,60256,3,180768,Jaipur,Debit Card,2023,5,May,2
13604,2023-10-17,1432,Laptop,Electronics,60255,4,241020,Bangalore,Credit Card,2023,10,October,4
13530,2024-07-19,1117,Laptop,Electronics,60254,2,120508,Jaipur,Cash on Delivery,2024,7,July,3
10588,2023-02-11,1531,Laptop,Electronics,60244,3,180732,Shimla,Credit Card,2023,2,February,1
13634,2024-07-19,1931,Laptop,Electronics,60240,2,120480,Chandigarh,Cash on Delivery,2024,7,July,3
12080,2023-05-23,1944,Laptop,Electronics,60229,2,120458,Chandigarh,Credit Card,2023,5,May,2
13661,2023-08-29,1717,Laptop,Electronics,60224,3,180672,Jaipur,Credit Card,2023,8,August,3
13056,2024-05-30,1802,Laptop,Electronics,60222,2,120444,Jaipur,Cash on Delivery,2024,5,May,2
14041,2023-04-09,1947,Laptop,Electronics,60221,1,60221,Bangalore,Credit Card,2023,4,April,2
13437,2024-05-11,1696,Laptop,Electronics,60221,4,240884,Mumbai,Cash on Delivery,2024,5,May,2
14548,2024-08-19,1168,Laptop,Electronics,60221,1,60221,Shimla,Debit Card,2024,8,August,3
11869,2023-02-28,1628,Laptop,Electronics,60221,3,180663,Mumbai,Debit Card,2023,2,February,1
12057,2024-09-01,1851,Laptop,Electronics,60220,2,120440,Mumbai,Debit Card,2024,9,September,3
12579,2024-06-06,1514,Laptop,Electronics,60216,3,180648,Delhi,Cash on Delivery,2024,6,June,2
12723,2024-10-31,1432,Laptop,Electronics,60215,2,120430,Chandigarh,UPI,2024,10,October,4
11770,2023-03-13,1849,Laptop,Electronics,60210,1,60210,Delhi,Credit Card,2023,3,March,1
10135,2024-05-17,1184,Laptop,Electronics,60205,4,240820,Chandigarh,UPI,2024,5,May,2
10445,2024-05-27,1889,Laptop,Electronics,60205,1,60205,Mumbai,Credit Card,2024,5,May,2
11003,2024-02-23,1907,Laptop,Electronics,60205,2,120410,Delhi,UPI,2024,2,February,1
10241,2023-07-20,1824,Laptop,Electronics,60203,4,240812,Delhi,Cash on Delivery,2023,7,July,3
10677,2023-08-21,1994,Laptop,Electronics,60202,4,240808,Mumbai,Cash on Delivery,2023,8,August,3
11202,2023-05-24,1250,Laptop,Electronics,60199,4,240796,Shimla,Debit Card,2023,5,May,2
12179,2023-06-03,1928,Laptop,Electronics,60198,2,120396,Delhi,Cash on Delivery,2023,6,June,2
12775,2024-09-21,1232,Laptop,Electronics,60197,3,180591,Mumbai,Cash on Delivery,2024,9,September,3
11213,2023-08-10,1961,Laptop,Electronics,60194,3,180582,Jaipur,Debit Card,2023,8,August,3
12620,2024-04-10,1720,Laptop,Electronics,60194,1,60194,Jaipur,UPI,2024,4,April,2
13339,2023-07-07,1473,Laptop,Electronics,60193,4,240772,Chandigarh,Cash on Delivery,2023,7,July,3
13381,2023-07-23,1144,Laptop,Electronics,60193,2,120386,Shimla,Credit Card,2023,7,July,3
14591,2023-06-24,1752,Laptop,Electronics,60189,3,180567,Shimla,Credit Card,2023,6,June,2
14908,2024-03-09,1976,Laptop,Electronics,60185,4,240740,Bangalore,UPI,2024,3,March,1
14216,2024-10-20,1114,Laptop,Electronics,60182,4,240728,Delhi,Debit Card,2024,10,October,4
13970,2023-03-27,1734,Laptop,Electronics,60180,3,180540,Shimla,UPI,2023,3,March,1
12177,2024-12-20,1297,Laptop,Electronics,60179,4,240716,Jaipur,Credit Card,2024,12,December,4
14922,2023-03-31,1749,Laptop,Electronics,60179,3,180537,Mumbai,Debit Card,2023,3,March,1
11768,2024-12-17,1501,Laptop,Electronics,60178,3,180534,Bangalore,Cash on Delivery,2024,12,December,4
10376,2024-05-04,1578,Laptop,Electronics,60176,4,240704,Jaipur,Cash on Delivery,2024,5,May,2
12962,2023-10-10,1803,Laptop,Electronics,60171,2,120342,Delhi,Debit Card,2023,10,October,4
11864,2024-12-23,1176,Laptop,Electronics,60167,3,180501,Jaipur,UPI,2024,12,December,4
14231,2024-06-02,1314,Laptop,Electronics,60165,1,60165,Jaipur,Cash on Delivery,2024,6,June,2
11725,2024-07-23,1605,Laptop,Electronics,60163,4,240652,Chandigarh,Credit Card,2024,7,July,3
11140,2024-01-06,1147,Laptop,Electronics,60163,4,240652,Delhi,Debit Card,2024,1,January,1
11802,2023-01-02,1443,Laptop,Electronics,60162,3,180486,Mumbai,UPI,2023,1,January,1
10371,2024-09-17,1653,Laptop,Electronics,60161,3,180483,Mumbai,Cash on Delivery,2024,9,September,3
10990,2023-01-10,1244,Laptop,Electronics,60161,2,120322,Bangalore,Cash on Delivery,2023,1,January,1
13691,2024-02-05,1462,Laptop,Electronics,60158,4,240632,Chandigarh,UPI,2024,2,February,1
10946,2023-08-31,1637,Laptop,Electronics,60149,4,240596,Shimla,Cash on Delivery,2023,8,August,3
11320,2024-08-21,1901,Laptop,Electronics,60148,2,120296,Shimla,Cash on Delivery,2024,8,August,3
11323,2023-01-27,1741,Laptop,Electronics,60126,3,180378,Delhi,Credit Card,2023,1,January,1
12696,2024-01-16,1156,Laptop,Electronics,60125,3,180375,Delhi,Debit Card,2024,1,January,1
14351,2023-03-20,1812,Laptop,Electronics,60124,2,120248,Bangalore,Debit Card,2023,3,March,1
10447,2024-09-29,1069,Laptop,Electronics,60122,2,120244,Delhi,Debit Card,2024,9,September,3
13975,2024-07-01,1163,Laptop,Electronics,60119,3,180357,Delhi,Cash on Delivery,2024,7,July,3
11431,2024-06-02,1305,Laptop,Electronics,60118,2,120236,Mumbai,UPI,2024,6,June,2
13086,2024-06-30,1209,Laptop,Electronics,60116,4,240464,Chandigarh,Credit Card,2024,6,June,2
13808,2024-12-20,1808,Laptop,Electronics,60113,1,60113,Delhi,Credit Card,2024,12,December,4
13502,2024-04-09,1638,Laptop,Electronics,60110,4,240440,Mumbai,Credit Card,2024,4,April,2
13913,2024-06-03,1463,Laptop,Electronics,60109,3,180327,Shimla,UPI,2024,6,June,2
13905,2023-07-29,1357,Laptop,Electronics,60105,4,240420,Mumbai,Credit Card,2023,7,July,3
14218,2024-08-14,1298,Laptop,Electronics,60105,4,240420,Mumbai,Cash on Delivery,2024,8,August,3
13791,2024-05-16,1170,Laptop,Electronics,60098,3,180294,Jaipur,Credit Card,2024,5,May,2
10817,2024-10-24,1529,Laptop,Electronics,60097,2,120194,Mumbai,UPI,2024,10,October,4
10379,2024-01-28,1509,Laptop,Electronics,60096,3,180288,Chandigarh,Credit Card,2024,1,January,1
13898,2024-07-11,1687,Laptop,Electronics,60095,3,180285,Chandigarh,Credit Card,2024,7,July,3
12409,2023-11-25,1197,Laptop,Electronics,60094,3,180282,Mumbai,UPI,2023,11,November,4
12551,2023-08-08,1703,Laptop,Electronics,60091,4,240364,Delhi,Credit Card,2023,8,August,3
11050,2023-04-14,1443,Laptop,Electronics,60091,4,240364,Delhi,Cash on Delivery,2023,4,April,2
12807,2024-09-09,1609,Laptop,Electronics,60090,2,120180,Jaipur,Credit Card,2024,9,September,3
13047,2023-02-16,1288,Laptop,Electronics,60086,2,120172,Mumbai,UPI,2023,2,February,1
12561,2024-09-08,1598,Laptop,Electronics,60083,4,240332,Jaipur,Debit Card,2024,9,September,3
11584,2024-11-18,1566,Laptop,Electronics,60083,1,60083,Bangalore,Cash on Delivery,2024,11,November,4
11225,2023-06-27,1607,Laptop,Electronics,60080,2,120160,Delhi,UPI,2023,6,June,2
10349,2023-04-09,1209,Laptop,Electronics,60078,3,180234,Shimla,Credit Card,2023,4,April,2
11143,2023-11-05,1194,Laptop,Electronics,60076,4,240304,Bangalore,Credit Card,2023,11,November,4
10892,2024-09-22,1617,Laptop,Electronics,60075,1,60075,Mumbai,Credit Card,2024,9,September,3
10629,2023-09-09,1064,Laptop,Electronics,60070,1,60070,Delhi,Cash on Delivery,2023,9,September,3
14869,2023-11-11,1689,Laptop,Electronics,60070,3,180210,Shimla,Cash on Delivery,2023,11,November,4
13185,2024-03-30,1935,Laptop,Electronics,60067,1,60067,Delhi,Credit Card,2024,3,March,1
14801,2023-04-14,1037,Laptop,Electronics,60063,2,120126,Jaipur,Cash on Delivery,2023,4,April,2
10950,2024-07-01,1953,Laptop,Electronics,60062,2,120124,Mumbai,Debit Card,2024,7,July,3
12264,2023-12-20,1208,Laptop,Electronics,60062,3,180186,Mumbai,Cash on Delivery,2023,12,December,4
11259,2024-01-16,1474,Laptop,Electronics,60058,3,180174,Shimla,Cash on Delivery,2024,1,January,1
12075,2024-12-25,1491,Laptop,Electronics,60058,3,180174,Jaipur,UPI,2024,12,December,4
13392,2024-07-10,1467,Laptop,Electronics,60057,4,240228,Jaipur,Credit Card,2024,7,July,3
10652,2023-07-09,1283,Laptop,Electronics,60055,1,60055,Bangalore,Cash on Delivery,2023,7,July,3
13585,2023-03-24,1208,Laptop,Electronics,60054,4,240216,Shimla,Debit Card,2023,3,March,1
14997,2023-02-05,1025,Laptop,Electronics,60052,2,120104,Shimla,Cash on Delivery,2023,2,February,1
14998,2023-04-11,1120,Laptop,Electronics,60049,4,240196,Mumbai,Credit Card,2023,4,April,2
13690,2024-02-25,1585,Laptop,Electronics,60047,2,120094,Shimla,Credit Card,2024,2,February,1
10916,2024-04-14,1033,Laptop,Electronics,60045,2,120090,Mumbai,Credit Card,2024,4,April,2
10262,2023-10-25,1666,Laptop,Electronics,60044,1,60044,Jaipur,UPI,2023,10,October,4
12679,2023-11-10,1694,Laptop,Electronics,60041,2,120082,Delhi,Debit Card,2023,11,November,4
11620,2023-05-13,1347,Laptop,Electronics,60038,1,60038,Chandigarh,UPI,2023,5,May,2
12717,2023-12-02,1537,Laptop,Electronics,60038,4,240152,Delhi,UPI,2023,12,December,4
10499,2024-11-05,1843,Laptop,Electronics,60035,3,180105,Chandigarh,UPI,2024,11,November,4
11958,2023-05-01,1328,Laptop,Electronics,60034,3,180102,Chandigarh,Credit Card,2023,5,May,2
14525,2023-09-18,1487,Laptop,Electronics,60029,1,60029,Shimla,Debit Card,2023,9,September,3
13479,2024-05-31,1024,Laptop,Electronics,60029,2,120058,Jaipur,Credit Card,2024,5,May,2
12602,2024-06-13,1955,Laptop,Electronics,60028,2,120056,Shimla,UPI,2024,6,June,2
10826,2023-07-14,1430,Laptop,Electronics,60026,4,240104,Chandigarh,Debit Card,2023,7,July,3
13540,2023-10-13,1257,Laptop,Electronics,60026,1,60026,Bangalore,Cash on Delivery,2023,10,October,4
11910,2023-04-10,1507,Laptop,Electronics,60025,1,60025,Bangalore,Cash on Delivery,2023,4,April,2
12516,2024-05-19,1433,Laptop,Electronics,60025,1,60025,Bangalore,UPI,2024,5,May,2
10603,2023-08-18,1555,Laptop,Electronics,60025,4,240100,Mumbai,Credit Card,2023,8,August,3
11460,2024-02-01,1945,Laptop,Electronics,60025,1,60025,Shimla,Credit Card,2024,2,February,1
11324,2023-10-14,1368,Laptop,Electronics,60024,1,60024,Shimla,Debit Card,2023,10,October,4
13425,2023-06-14,1603,Laptop,Electronics,60024,2,120048,Chandigarh,Credit Card,2023,6,June,2
10146,2023-04-06,1826,Laptop,Electronics,60021,4,240084,Shimla,Credit Card,2023,4,April,2
14436,2024-05-04,1061,Laptop,Electronics,60019,2,120038,Shimla,Credit Card,2024,5,May,2
14091,2023-06-30,1803,Laptop,Electronics,60016,3,180048,Bangalore,Credit Card,2023,6,June,2
12758,2024-02-03,1128,Laptop,Electronics,60016,3,180048,Mumbai,UPI,2024,2,February,1
13203,2023-09-19,1356,Laptop,Electronics,60010,2,120020,Bangalore,Credit Card,2023,9,September,3
12910,2024-01-18,1545,Laptop,Electronics,60008,4,240032,Jaipur,Cash on Delivery,2024,1,January,1
10740,2024-02-09,1979,Laptop,Electronics,60004,2,120008,Mumbai,Credit Card,2024,2,February,1
14029,2024-12-15,1235,Laptop,Electronics,60003,4,240012,Shimla,Credit Card,2024,12,December,4
11766,2024-01-30,1662,Laptop,Electronics,60002,2,120004,Chandigarh,UPI,2024,1,January,1
10393,2024-05-26,1282,Laptop,Electronics,60002,1,60002,Jaipur,Debit Card,2024,5,May,2
14481,2023-02-07,1396,Laptop,Electronics,59997,1,59997,Chandigarh,UPI,2023,2,February,1
13367,2023-07-21,1043,Laptop,Electronics,59996,1,59996,Delhi,Credit Card,2023,7,July,3
12395,2023-10-14,1881,Laptop,Electronics,59996,4,239984,Shimla,UPI,2023,10,October,4
13057,2024-03-17,1434,Laptop,Electronics,59992,1,59992,Bangalore,Credit Card,2024,3,March,1
13952,2023-09-02,1636,Laptop,Electronics,59987,3,179961,Shimla,Debit Card,2023,9,September,3
11289,2023-04-25,1809,Laptop,Electronics,59983,1,59983,Jaipur,Credit Card,2023,4,April,2
13445,2024-01-20,1574,Laptop,Electronics,59983,3,179949,Jaipur,Credit Card,2024,1,January,1
12621,2024-06-24,1831,Laptop,Electronics,59979,1,59979,Shimla,Credit Card,2024,6,June,2
10908,2024-01-29,1145,Laptop,Electronics,59979,1,59979,Shimla,Cash on Delivery,2024,1,January,1
10668,2023-07-22,1775,Laptop,Electronics,59977,2,119954,Jaipur,Credit Card,2023,7,July,3
11988,2024-05-04,1329,Laptop,Electronics,59975,3,179925,Mumbai,Debit Card,2024,5,May,2
12172,2024-09-24,1171,Laptop,Electronics,59973,3,179919,Jaipur,Credit Card,2024,9,September,3
13629,2024-03-21,1821,Laptop,Electronics,59970,1,59970,Mumbai,Cash on Delivery,2024,3,March,1
14267,2023-10-16,1576,Laptop,Electronics,59968,2,119936,Chandigarh,Debit Card,2023,10,October,4
14835,2023-04-24,1820,Laptop,Electronics,59963,4,239852,Chandigarh,Debit Card,2023,4,April,2
10782,2023-08-17,1313,Laptop,Electronics,59962,1,59962,Bangalore,Credit Card,2023,8,August,3
12914,2024-01-11,1912,Laptop,Electronics,59961,2,119922,Delhi,Cash on Delivery,2024,1,January,1
13429,2023-12-31,1084,Laptop,Electronics,59961,2,119922,Mumbai,Debit Card,2023,12,December,4
11544,2024-07-26,1270,Laptop,Electronics,59961,1,59961,Jaipur,Credit Card,2024,7,July,3
11693,2024-04-03,1554,Laptop,Electronics,59958,3,179874,Delhi,UPI,2024,4,April,2
10100,2024-06-04,1978,Laptop,Electronics,59956,1,59956,Mumbai,Debit Card,2024,6,June,2
10463,2023-03-27,1191,Laptop,Electronics,59955,1,59955,Delhi,UPI,2023,3,March,1
10585,2023-02-08,1814,Laptop,Electronics,59946,3,179838,Mumbai,Debit Card,2023,2,February,1
14254,2023-04-28,1000,Laptop,Electronics,59945,1,59945,Bangalore,Credit Card,2023,4,April,2
13050,2024-10-21,1529,Laptop,Electronics,59944,3,179832,Shimla,Debit Card,2024,10,October,4
11100,2023-01-11,1077,Laptop,Electronics,59943,2,119886,Chandigarh,Cash on Delivery,2023,1,January,1
13754,2023-08-15,1485,Laptop,Electronics,59941,3,179823,Shimla,Credit Card,2023,8,August,3
14579,2024-02-16,1017,Laptop,Electronics,59940,3,179820,Chandigarh,Debit Card,2024,2,February,1
14173,2024-04-21,1762,Laptop,Electronics,59938,4,239752,Jaipur,Debit Card,2024,4,April,2
12016,2023-12-18,1198,Laptop,Electronics,59932,2,119864,Delhi,Credit Card,2023,12,December,4
13672,2024-10-29,1087,Laptop,Electronics,59927,2,119854,Bangalore,Credit Card,2024,10,October,4
13065,2024-10-15,1892,Laptop,Electronics,59921,4,239684,Shimla,Cash on Delivery,2024,10,October,4
12984,2023-09-26,1409,Laptop,Electronics,59919,1,59919,Jaipur,Debit Card,2023,9,September,3
13246,2024-10-20,1772,Laptop,Electronics,59918,4,239672,Delhi,Cash on Delivery,2024,10,October,4
11578,2023-09-08,1133,Laptop,Electronics,59916,4,239664,Bangalore,Credit Card,2023,9,September,3
11313,2023-02-10,1410,Laptop,Electronics,59914,4,239656,Mumbai,Credit Card,2023,2,February,1
12420,2023-04-11,1535,Laptop,Electronics,59913,3,179739,Bangalore,UPI,2023,4,April,2
11209,2023-07-13,1510,Laptop,Electronics,59911,1,59911,Mumbai,Debit Card,2023,7,July,3
13331,2024-10-19,1559,Laptop,Electronics,59908,2,119816,Mumbai,UPI,2024,10,October,4
11034,2024-02-06,1880,Laptop,Electronics,59906,4,239624,Chandigarh,UPI,2024,2,February,1
12766,2024-02-04,1199,Laptop,Electronics,59899,3,179697,Delhi,Cash on Delivery,2024,2,February,1
12258,2023-12-08,1549,Laptop,Electronics,59888,3,179664,Shimla,UPI,2023,12,December,4
14786,2023-03-11,1538,Laptop,Electronics,59888,2,119776,Shimla,Credit Card,2023,3,March,1
11511,2024-12-10,1389,Laptop,Electronics,59882,3,179646,Jaipur,Credit Card,2024,12,December,4
10611,2023-07-13,1336,Laptop,Electronics,59880,4,239520,Bangalore,Credit Card,2023,7,July,3
11283,2023-06-07,1876,Laptop,Electronics,59878,3,179634,Bangalore,Credit Card,2023,6,June,2
10872,2024-06-09,1612,Laptop,Electronics,59875,4,239500,Delhi,Credit Card,2024,6,June,2
12274,2023-10-30,1756,Laptop,Electronics,59874,4,239496,Bangalore,Debit Card,2023,10,October,4
10886,2023-12-29,1227,Laptop,Electronics,59872,3,179616,Bangalore,Debit Card,2023,12,December,4
12664,2024-05-05,1983,Laptop,Electronics,59872,3,179616,Shimla,UPI,2024,5,May,2
11485,2023-08-27,1943,Laptop,Electronics,59871,4,239484,Jaipur,Credit Card,2023,8,August,3
14521,2023-02-08,1878,Laptop,Electronics,59871,4,239484,Shimla,Debit Card,2023,2,February,1
10698,2023-03-31,1493,Laptop,Electronics,59870,1,59870,Jaipur,Cash on Delivery,2023,3,March,1
11367,2024-05-21,1304,Laptop,Electronics,59869,3,179607,Shimla,Cash on Delivery,2024,5,May,2
14792,2023-04-30,1057,Laptop,Electronics,59869,1,59869,Shimla,Credit Card,2023,4,April,2
14743,2024-08-28,1539,Laptop,Electronics,59869,1,59869,Chandigarh,Debit Card,2024,8,August,3
12269,2024-03-17,1093,Laptop,Electronics,59868,4,239472,Delhi,Debit Card,2024,3,March,1
11364,2024-04-11,1259,Laptop,Electronics,59868,2,119736,Delhi,Debit Card,2024,4,April,2
11692,2023-03-20,1140,Laptop,Electronics,59867,2,119734,Bangalore,UPI,2023,3,March,1
12237,2024-11-06,1221,Laptop,Electronics,59865,4,239460,Chandigarh,UPI,2024,11,November,4
13643,2023-01-22,1199,Laptop,Electronics,59856,1,59856,Delhi,Debit Card,2023,1,January,1
12512,2023-03-28,1607,Laptop,Electronics,59855,4,239420,Bangalore,UPI,2023,3,March,1
11251,2024-04-13,1028,Laptop,Electronics,59852,4,239408,Chandigarh,UPI,2024,4,April,2
10797,2024-04-25,1596,Laptop,Electronics,59850,1,59850,Delhi,Debit Card,2024,4,April,2
11531,2023-04-17,1861,Laptop,Electronics,59848,4,239392,Bangalore,Debit Card,2023,4,April,2
10789,2023-11-02,1354,Laptop,Electronics,59842,4,239368,Jaipur,UPI,2023,11,November,4
12672,2023-04-22,1093,Laptop,Electronics,59839,4,239356,Shimla,Debit Card,2023,4,April,2
11981,2023-07-17,1622,Laptop,Electronics,59837,4,239348,Bangalore,Cash on Delivery,2023,7,July,3
12890,2023-04-08,1839,Laptop,Electronics,59833,2,119666,Shimla,Debit Card,2023,4,April,2
14152,2023-07-10,1636,Laptop,Electronics,59832,1,59832,Bangalore,Cash on Delivery,2023,7,July,3
10621,2024-05-14,1871,Laptop,Electronics,59832,2,119664,Mumbai,Debit Card,2024,5,May,2
10524,2023-04-25,1856,Laptop,Electronics,59831,4,239324,Jaipur,Cash on Delivery,2023,4,April,2
10025,2023-07-11,1237,Laptop,Electronics,59829,2,119658,Bangalore,Debit Card,2023,7,July,3
13783,2023-08-18,1848,Laptop,Electronics,59827,1,59827,Delhi,Cash on Delivery,2023,8,August,3
13402,2023-09-02,1506,Laptop,Electronics,59821,1,59821,Bangalore,Debit Card,2023,9,September,3
11859,2023-11-05,1089,Laptop,Electronics,59815,1,59815,Chandigarh,Debit Card,2023,11,November,4
10924,2024-06-01,1691,Laptop,Electronics,59814,2,119628,Shimla,UPI,2024,6,June,2
13020,2024-04-20,1755,Laptop,Electronics,59811,1,59811,Jaipur,Credit Card,2024,4,April,2
14126,2024-07-04,1726,Laptop,Electronics,59811,4,239244,Bangalore,Credit Card,2024,7,July,3
12929,2024-07-07,1213,Laptop,Electronics,59809,3,179427,Mumbai,UPI,2024,7,July,3
11303,2024-03-17,1550,Laptop,Electronics,59806,4,239224,Chandigarh,UPI,2024,3,March,1
11215,2024-10-05,1836,Laptop,Electronics,59803,2,119606,Chandigarh,Cash on Delivery,2024,10,October,4
14049,2023-11-23,1148,Laptop,Electronics,59802,3,179406,Jaipur,UPI,2023,11,November,4
13906,2024-08-12,1162,Laptop,Electronics,59796,3,179388,Mumbai,UPI,2024,8,August,3
12838,2024-04-16,1077,Laptop,Electronics,59795,3,179385,Shimla,Cash on Delivery,2024,4,April,2
12378,2023-01-12,1825,Laptop,Electronics,59794,2,119588,Jaipur,Credit Card,2023,1,January,1
13962,2024-08-28,1096,Laptop,Electronics,59793,1,59793,Delhi,Debit Card,2024,8,August,3
11602,2023-12-02,1726,Laptop,Electronics,59793,4,239172,Mumbai,UPI,2023,12,December,4
12105,2023-12-09,1154,Laptop,Electronics,59788,1,59788,Shimla,Credit Card,2023,12,December,4
12894,2024-11-09,1421,Laptop,Electronics,59783,3,179349,Bangalore,Cash on Delivery,2024,11,November,4
10345,2024-04-21,1695,Laptop,Electronics,59783,2,119566,Chandigarh,Cash on Delivery,2024,4,April,2
13013,2023-12-30,1983,Laptop,Electronics,59779,3,179337,Chandigarh,Cash on Delivery,2023,12,December,4
11108,2023-12-29,1124,Laptop,Electronics,59776,2,119552,Chandigarh,Debit Card,2023,12,December,4
11563,2024-06-24,1606,Laptop,Electronics,59776,4,239104,Bangalore,Credit Card,2024,6,June,2
11001,2023-11-25,1878,Laptop,Electronics,59773,3,179319,Mumbai,Debit Card,2023,11,November,4
11296,2023-12-25,1076,Laptop,Electronics,59772,4,239088,Mumbai,UPI,2023,12,December,4
11526,2023-11-06,1032,Laptop,Electronics,59772,3,179316,Chandigarh,Debit Card,2023,11,November,4
11275,2023-08-14,1908,Laptop,Electronics,59772,3,179316,Mumbai,Debit Card,2023,8,August,3
13811,2024-04-28,1492,Laptop,Electronics,59770,4,239080,Chandigarh,Credit Card,2024,4,April,2
11989,2023-10-03,1188,Laptop,Electronics,59765,1,59765,Chandigarh,Credit Card,2023,10,October,4
12678,2024-08-24,1913,Laptop,Electronics,59764,2,119528,Chandigarh,UPI,2024,8,August,3
10143,2024-07-28,1698,Laptop,Electronics,59763,1,59763,Shimla,Cash on Delivery,2024,7,July,3
10810,2024-06-29,1809,Laptop,Electronics,59762,3,179286,Chandigarh,Credit Card,2024,6,June,2
10432,2024-10-20,1883,Laptop,Electronics,59760,1,59760,Bangalore,Debit Card,2024,10,October,4
12601,2023-08-21,1125,Laptop,Electronics,59756,2,119512,Chandigarh,Credit Card,2023,8,August,3
11414,2024-04-10,1505,Laptop,Electronics,59755,4,239020,Mumbai,Cash on Delivery,2024,4,April,2
14359,2023-10-11,1008,Laptop,Electronics,59754,4,239016,Shimla,UPI,2023,10,October,4
12969,2024-09-04,1437,Laptop,Electronics,59752,1,59752,Delhi,UPI,2024,9,September,3
13612,2023-08-19,1957,Laptop,Electronics,59752,2,119504,Shimla,Cash on Delivery,2023,8,August,3
11795,2023-11-06,1637,Laptop,Electronics,59748,3,179244,Mumbai,Cash on Delivery,2023,11,November,4
13802,2023-02-02,1727,Laptop,Electronics,59746,4,238984,Chandigarh,Cash on Delivery,2023,2,February,1
11214,2024-11-08,1940,Laptop,Electronics,59741,3,179223,Bangalore,Credit Card,2024,11,November,4
14640,2023-07-18,1897,Laptop,Electronics,59739,4,238956,Delhi,Debit Card,2023,7,July,3
10781,2023-07-26,1493,Laptop,Electronics,59735,1,59735,Mumbai,Cash on Delivery,2023,7,July,3
11824,2024-07-06,1351,Laptop,Electronics,59729,1,59729,Bangalore,UPI,2024,7,July,3
14077,2023-07-08,1057,Laptop,Electronics,59727,3,179181,Bangalore,Cash on Delivery,2023,7,July,3
10409,2024-07-23,1139,Laptop,Electronics,59721,2,119442,Shimla,Debit Card,2024,7,July,3
13293,2024-03-25,1512,Laptop,Electronics,59718,1,59718,Mumbai,Debit Card,2024,3,March,1
12552,2023-12-03,1218,Laptop,Electronics,59714,2,119428,Bangalore,Debit Card,2023,12,December,4
12211,2023-03-18,1049,Laptop,Electronics,59712,4,238848,Bangalore,UPI,2023,3,March,1
12058,2024-01-16,1191,Laptop,Electronics,59708,2,119416,Chandigarh,Debit Card,2024,1,January,1
14536,2024-11-07,1551,Laptop,Electronics,59707,4,238828,Mumbai,UPI,2024,11,November,4
10294,2023-08-15,1711,Laptop,Electronics,59699,3,179097,Shimla,Cash on Delivery,2023,8,August,3
10476,2024-07-04,1889,Laptop,Electronics,59698,3,179094,Jaipur,Debit Card,2024,7,July,3
11401,2023-01-12,1684,Laptop,Electronics,59695,4,238780,Mumbai,Debit Card,2023,1,January,1
10965,2024-01-27,1158,Laptop,Electronics,59695,4,238780,Delhi,Credit Card,2024,1,January,1
14778,2023-12-06,1955,Laptop,Electronics,59692,3,179076,Chandigarh,Debit Card,2023,12,December,4
12178,2023-02-18,1884,Laptop,Electronics,59692,3,179076,Chandigarh,Cash on Delivery,2023,2,February,1
14977,2024-04-29,1065,Laptop,Electronics,59691,1,59691,Mumbai,Credit Card,2024,4,April,2
14855,2024-11-13,1600,Laptop,Electronics,59691,2,119382,Chandigarh,Debit Card,2024,11,November,4
11655,2024-08-08,1613,Laptop,Electronics,59684,2,119368,Bangalore,Cash on Delivery,2024,8,August,3
11984,2023-06-10,1524,Laptop,Electronics,59674,3,179022,Jaipur,Debit Card,2023,6,June,2
12372,2024-04-26,1918,Laptop,Electronics,59674,1,59674,Mumbai,Cash on Delivery,2024,4,April,2
11005,2023-04-05,1720,Laptop,Electronics,59671,1,59671,Bangalore,Credit Card,2023,4,April,2
12210,2024-08-12,1849,Laptop,Electronics,59670,3,179010,Delhi,UPI,2024,8,August,3
11393,2024-06-07,1347,Laptop,Electronics,59667,4,238668,Jaipur,Cash on Delivery,2024,6,June,2
13268,2023-06-02,1308,Laptop,Electronics,59663,3,178989,Mumbai,Debit Card,2023,6,June,2
13094,2023-06-03,1719,Laptop,Electronics,59661,4,238644,Jaipur,Credit Card,2023,6,June,2
14941,2023-08-27,1920,Laptop,Electronics,59659,1,59659,Chandigarh,Debit Card,2023,8,August,3
12085,2024-05-11,1541,Laptop,Electronics,59655,1,59655,Jaipur,Debit Card,2024,5,May,2
14867,2024-12-09,1470,Laptop,Electronics,59653,1,59653,Delhi,Credit Card,2024,12,December,4
12992,2024-06-20,1841,Laptop,Electronics,59650,4,238600,Mumbai,Credit Card,2024,6,June,2
11125,2023-02-20,1035,Laptop,Electronics,59649,3,178947,Jaipur,Debit Card,2023,2,February,1
14016,2024-11-15,1048,Laptop,Electronics,59648,3,178944,Delhi,Debit Card,2024,11,November,4
13112,2024-05-22,1089,Laptop,Electronics,59646,4,238584,Delhi,UPI,2024,5,May,2
12195,2024-07-14,1445,Laptop,Electronics,59645,4,238580,Bangalore,Cash on Delivery,2024,7,July,3
10165,2024-09-11,1524,Laptop,Electronics,59634,4,238536,Chandigarh,UPI,2024,9,September,3
11943,2023-01-10,1069,Laptop,Electronics,59631,2,119262,Mumbai,Debit Card,2023,1,January,1
10894,2023-01-28,1063,Laptop,Electronics,59631,3,178893,Bangalore,UPI,2023,1,January,1
14928,2023-05-30,1928,Laptop,Electronics,59621,2,119242,Shimla,Debit Card,2023,5,May,2
13868,2024-03-31,1213,Laptop,Electronics,59621,4,238484,Chandigarh,Debit Card,2024,3,March,1
13473,2023-05-20,1237,Laptop,Electronics,59619,2,119238,Delhi,Cash on Delivery,2023,5,May,2
11315,2023-01-17,1805,Laptop,Electronics,59617,2,119234,Chandigarh,Debit Card,2023,1,January,1
11553,2023-04-30,1134,Laptop,Electronics,59613,1,59613,Bangalore,UPI,2023,4,April,2
13689,2024-11-21,1449,Laptop,Electronics,59606,2,119212,Mumbai,Cash on Delivery,2024,11,November,4
13547,2023-04-23,1422,Laptop,Electronics,59603,4,238412,Delhi,Cash on Delivery,2023,4,April,2
10756,2023-01-01,1250,Laptop,Electronics,59602,1,59602,Mumbai,UPI,2023,1,January,1
12726,2023-07-07,1692,Laptop,Electronics,59589,2,119178,Shimla,Credit Card,2023,7,July,3
12131,2023-05-24,1165,Laptop,Electronics,59585,4,238340,Mumbai,Debit Card,2023,5,May,2
12054,2023-06-08,1593,Laptop,Electronics,59581,2,119162,Jaipur,Cash on Delivery,2023,6,June,2
14862,2023-07-30,1814,Laptop,Electronics,59580,2,119160,Mumbai,Cash on Delivery,2023,7,July,3
11811,2024-11-16,1743,Laptop,Electronics,59580,4,238320,Shimla,Debit Card,2024,11,November,4
14405,2023-02-16,1864,Laptop,Electronics,59578,2,119156,Jaipur,UPI,2023,2,February,1
13258,2023-04-19,1803,Laptop,Electronics,59576,2,119152,Delhi,Credit Card,2023,4,April,2
12225,2024-11-30,1386,Laptop,Electronics,59573,1,59573,Chandigarh,Cash on Delivery,2024,11,November,4
14767,2023-05-09,1346,Laptop,Electronics,59573,4,238292,Mumbai,Debit Card,2023,5,May,2
14283,2023-12-27,1180,Laptop,Electronics,59572,2,119144,Mumbai,Debit Card,2023,12,December,4
13919,2024-12-21,1742,Laptop,Electronics,59571,4,238284,Mumbai,UPI,2024,12,December,4
11286,2024-12-27,1210,Laptop,Electronics,59564,1,59564,Delhi,UPI,2024,12,December,4
12884,2024-05-31,1386,Laptop,Electronics,59562,1,59562,Jaipur,Credit Card,2024,5,May,2
14727,2024-05-04,1501,Laptop,Electronics,59561,4,238244,Mumbai,Cash on Delivery,2024,5,May,2
10912,2023-05-26,1029,Laptop,Electronics,59560,2,119120,Delhi,Credit Card,2023,5,May,2
11685,2023-08-15,1170,Laptop,Electronics,59556,1,59556,Mumbai,Debit Card,2023,8,August,3
10963,2023-07-13,1489,Laptop,Electronics,59556,3,178668,Jaipur,Cash on Delivery,2023,7,July,3
12938,2023-11-03,1329,Laptop,Electronics,59555,4,238220,Bangalore,Debit Card,2023,11,November,4
13430,2024-01-14,1029,Laptop,Electronics,59555,2,119110,Mumbai,Cash on Delivery,2024,1,January,1
12185,2024-09-03,1382,Laptop,Electronics,59554,1,59554,Jaipur,Cash on Delivery,2024,9,September,3
13482,2024-07-11,1631,Laptop,Electronics,59552,3,178656,Delhi,Cash on Delivery,2024,7,July,3
12773,2024-09-16,1335,Laptop,Electronics,59550,2,119100,Bangalore,UPI,2024,9,September,3
11331,2024-11-15,1442,Laptop,Electronics,59546,4,238184,Bangalore,UPI,2024,11,November,4
13037,2023-09-30,1056,Laptop,Electronics,59546,1,59546,Chandigarh,Debit Card,2023,9,September,3
10516,2023-09-10,1697,Laptop,Electronics,59544,3,178632,Jaipur,Debit Card,2023,9,September,3
10114,2024-05-04,1485,Laptop,Electronics,59543,4,238172,Mumbai,UPI,2024,5,May,2
13129,2024-12-08,1638,Laptop,Electronics,59541,3,178623,Mumbai,Cash on Delivery,2024,12,December,4
14401,2023-05-31,1460,Laptop,Electronics,59540,2,119080,Mumbai,UPI,2023,5,May,2
14715,2023-02-13,1231,Laptop,Electronics,59535,3,178605,Delhi,Cash on Delivery,2023,2,February,1
12388,2024-11-02,1469,Laptop,Electronics,59535,4,238140,Mumbai,Credit Card,2024,11,November,4
10136,2024-02-02,1005,Laptop,Electronics,59534,2,119068,Bangalore,Credit Card,2024,2,February,1
12881,2023-07-17,1292,Laptop,Electronics,59530,2,119060,Mumbai,Credit Card,2023,7,July,3
14319,2024-10-30,1098,Laptop,Electronics,59529,4,238116,Jaipur,Credit Card,2024,10,October,4
13131,2024-05-28,1902,Laptop,Electronics,59528,1,59528,Shimla,Debit Card,2024,5,May,2
10195,2024-08-30,1780,Laptop,Electronics,59527,2,119054,Shimla,UPI,2024,8,August,3
10527,2024-05-15,1438,Laptop,Electronics,59526,2,119052,Jaipur,UPI,2024,5,May,2
11010,2024-01-11,1320,Laptop,Electronics,59525,4,238100,Delhi,UPI,2024,1,January,1
11722,2024-01-22,1791,Laptop,Electronics,59524,1,59524,Chandigarh,UPI,2024,1,January,1
13301,2024-06-23,1855,Laptop,Electronics,59519,2,119038,Shimla,UPI,2024,6,June,2
14507,2024-06-27,1555,Laptop,Electronics,59518,3,178554,Mumbai,UPI,2024,6,June,2
11919,2024-07-06,1918,Laptop,Electronics,59515,4,238060,Bangalore,UPI,2024,7,July,3
13398,2023-08-22,1760,Laptop,Electronics,59514,2,119028,Jaipur,Credit Card,2023,8,August,3
14316,2024-03-14,1909,Laptop,Electronics,59511,1,59511,Jaipur,UPI,2024,3,March,1
12604,2024-02-01,1096,Laptop,Electronics,59508,1,59508,Jaipur,Cash on Delivery,2024,2,February,1
12505,2023-07-19,1161,Laptop,Electronics,59505,3,178515,Delhi,Credit Card,2023,7,July,3
12980,2024-07-28,1854,Laptop,Electronics,59500,2,119000,Bangalore,Cash on Delivery,2024,7,July,3
13750,2023-12-22,1716,Phone,Electronics,30486,3,91458,Chandigarh,Credit Card,2023,12,December,4
14399,2023-02-08,1312,Phone,Electronics,30481,1,30481,Chandigarh,UPI,2023,2,February,1
11097,2023-10-10,1385,Phone,Electronics,30472,4,121888,Chandigarh,UPI,2023,10,October,4
12060,2024-05-08,1978,Phone,Electronics,30470,1,30470,Chandigarh,Cash on Delivery,2024,5,May,2
14976,2024-07-17,1664,Phone,Electronics,30467,1,30467,Chandigarh,Debit Card,2024,7,July,3
10259,2024-04-17,1952,Phone,Electronics,30467,4,121868,Jaipur,UPI,2024,4,April,2
10069,2023-01-02,1730,Phone,Electronics,30467,4,121868,Mumbai,UPI,2023,1,January,1
13542,2023-10-30,1573,Phone,Electronics,30466,3,91398,Jaipur,Debit Card,2023,10,October,4
13101,2023-10-02,1529,Phone,Electronics,30463,3,91389,Mumbai,Credit Card,2023,10,October,4
11160,2024-06-12,1395,Phone,Electronics,30462,2,60924,Jaipur,UPI,2024,6,June,2
10330,2023-10-04,1307,Phone,Electronics,30462,3,91386,Chandigarh,Debit Card,2023,10,October,4
13551,2024-10-08,1762,Phone,Electronics,30461,4,121844,Mumbai,Cash on Delivery,2024,10,October,4
11334,2024-12-02,1942,Phone,Electronics,30458,3,91374,Shimla,Cash on Delivery,2024,12,December,4
10648,2023-12-27,1189,Phone,Electronics,30457,3,91371,Shimla,Cash on Delivery,2023,12,December,4
11318,2024-01-13,1274,Phone,Electronics,30451,4,121804,Shimla,Debit Card,2024,1,January,1
11798,2024-10-21,1661,Phone,Electronics,30449,1,30449,Delhi,Debit Card,2024,10,October,4
10141,2024-04-05,1386,Phone,Electronics,30448,4,121792,Jaipur,UPI,2024,4,April,2
10900,2024-04-18,1280,Phone,Electronics,30448,2,60896,Delhi,Debit Card,2024,4,April,2
14383,2023-05-07,1269,Phone,Electronics,30441,2,60882,Shimla,Cash on Delivery,2023,5,May,2
12401,2024-11-20,1520,Phone,Electronics,30428,3,91284,Shimla,Credit Card,2024,11,November,4
13947,2024-07-24,1146,Phone,Electronics,30425,1,30425,Mumbai,UPI,2024,7,July,3
13138,2024-11-25,1935,Phone,Electronics,30419,2,60838,Delhi,UPI,2024,11,November,4
14837,2023-12-22,1414,Phone,Electronics,30412,1,30412,Delhi,UPI,2023,12,December,4
11495,2023-05-22,1267,Phone,Electronics,30412,2,60824,Chandigarh,Cash on Delivery,2023,5,May,2
14104,2023-07-31,1411,Phone,Electronics,30409,2,60818,Bangalore,Credit Card,2023,7,July,3
13465,2023-06-13,1070,Phone,Electronics,30408,1,30408,Delhi,Cash on Delivery,2023,6,June,2
10210,2023-03-22,1870,Phone,Electronics,30407,1,30407,Mumbai,Debit Card,2023,3,March,1
10187,2023-11-14,1278,Phone,Electronics,30406,4,121624,Delhi,Cash on Delivery,2023,11,November,4
14482,2023-12-07,1514,Phone,Electronics,30404,4,121616,Chandigarh,UPI,2023,12,December,4
14438,2023-03-14,1429,Phone,Electronics,30397,4,121588,Bangalore,UPI,2023,3,March,1
10471,2023-07-23,1502,Phone,Electronics,30391,2,60782,Shimla,Debit Card,2023,7,July,3
14221,2023-03-30,1396,Phone,Electronics,30387,4,121548,Jaipur,Credit Card,2023,3,March,1
14014,2023-01-17,1501,Phone,Electronics,30384,2,60768,Chandigarh,Debit Card,2023,1,January,1
14219,2024-07-08,1836,Phone,Electronics,30380,1,30380,Delhi,Credit Card,2024,7,July,3
14851,2024-07-26,1331,Phone,Electronics,30372,4,121488,Jaipur,Cash on Delivery,2024,7,July,3
12989,2024-07-24,1555,Phone,Electronics,30370,4,121480,Bangalore,Credit Card,2024,7,July,3
12018,2024-05-31,1757,Phone,Electronics,30369,1,30369,Shimla,UPI,2024,5,May,2
11277,2024-05-14,1440,Phone,Electronics,30366,4,121464,Chandigarh,UPI,2024,5,May,2
14809,2024-11-18,1680,Phone,Electronics,30364,2,60728,Bangalore,Credit Card,2024,11,November,4
13150,2024-10-22,1844,Phone,Electronics,30363,3,91089,Mumbai,Credit Card,2024,10,October,4
11012,2023-05-17,1987,Phone,Electronics,30361,2,60722,Delhi,Credit Card,2023,5,May,2
11192,2024-03-10,1784,Phone,Electronics,30357,4,121428,Bangalore,Credit Card,2024,3,March,1
13835,2023-03-20,1115,Phone,Electronics,30357,2,60714,Shimla,UPI,2023,3,March,1
14745,2024-10-11,1016,Phone,Electronics,30356,2,60712,Delhi,Cash on Delivery,2024,10,October,4
10271,2023-09-11,1138,Phone,Electronics,30355,4,121420,Jaipur,UPI,2023,9,September,3
10821,2024-06-03,1655,Phone,Electronics,30354,3,91062,Shimla,UPI,2024,6,June,2
14004,2023-11-23,1257,Phone,Electronics,30352,3,91056,Chandigarh,UPI,2023,11,November,4
12279,2024-10-31,1305,Phone,Electronics,30348,2,60696,Shimla,Debit Card,2024,10,October,4
11530,2023-11-26,1629,Phone,Electronics,30347,4,121388,Jaipur,Debit Card,2023,11,November,4
10511,2023-10-12,1889,Phone,Electronics,30347,4,121388,Delhi,Debit Card,2023,10,October,4
14284,2024-07-22,1465,Phone,Electronics,30346,1,30346,Delhi,Debit Card,2024,7,July,3
10899,2023-03-27,1659,Phone,Electronics,30343,2,60686,Bangalore,Credit Card,2023,3,March,1
11846,2023-01-14,1134,Phone,Electronics,30338,1,30338,Bangalore,Cash on Delivery,2023,1,January,1
11054,2024-08-01,1844,Phone,Electronics,30337,3,91011,Shimla,UPI,2024,8,August,3
11529,2024-01-01,1523,Phone,Electronics,30337,4,121348,Bangalore,Cash on Delivery,2024,1,January,1
12765,2024-08-24,1441,Phone,Electronics,30332,3,90996,Shimla,Debit Card,2024,8,August,3
13656,2023-03-16,1408,Phone,Electronics,30332,3,90996,Delhi,Debit Card,2023,3,March,1
11865,2024-10-23,1342,Phone,Electronics,30325,1,30325,Delhi,Cash on Delivery,2024,10,October,4
10785,2024-03-10,1638,Phone,Electronics,30324,2,60648,Mumbai,Credit Card,2024,3,March,1
14702,2023-07-20,1841,Phone,Electronics,30323,2,60646,Mumbai,Debit Card,2023,7,July,3
11110,2023-08-06,1279,Phone,Electronics,30321,1,30321,Bangalore,Credit Card,2023,8,August,3
10031,2023-09-10,1445,Phone,Electronics,30320,4,121280,Mumbai,Cash on Delivery,2023,9,September,3
12261,2023-06-21,1346,Phone,Electronics,30317,3,90951,Shimla,UPI,2023,6,June,2
11992,2023-08-04,1007,Phone,Electronics,30315,3,90945,Mumbai,Credit Card,2023,8,August,3
11059,2024-05-14,1420,Phone,Electronics,30314,2,60628,Bangalore,Cash on Delivery,2024,5,May,2
14423,2024-07-03,1578,Phone,Electronics,30313,4,121252,Chandigarh,Cash on Delivery,2024,7,July,3
11417,2024-10-16,1086,Phone,Electronics,30308,4,121232,Delhi,Cash on Delivery,2024,10,October,4
13941,2023-01-19,1564,Phone,Electronics,30307,1,30307,Mumbai,UPI,2023,1,January,1
12017,2023-12-24,1129,Phone,Electronics,30306,2,60612,Jaipur,Debit Card,2023,12,December,4
14115,2024-06-25,1602,Phone,Electronics,30303,3,90909,Mumbai,Debit Card,2024,6,June,2
11359,2023-03-10,1117,Phone,Electronics,30303,3,90909,Chandigarh,Credit Card,2023,3,March,1
11913,2023-10-25,1481,Phone,Electronics,30303,1,30303,Shimla,Credit Card,2023,10,October,4
14963,2023-09-25,1802,Phone,Electronics,30302,4,121208,Bangalore,Credit Card,2023,9,September,3
14385,2024-01-02,1625,Phone,Electronics,30300,3,90900,Shimla,Credit Card,2024,1,January,1
12668,2023-10-29,1272,Phone,Electronics,30299,2,60598,Bangalore,UPI,2023,10,October,4
13320,2024-07-27,1897,Phone,Electronics,30294,2,60588,Chandigarh,UPI,2024,7,July,3
13759,2023-02-23,1258,Phone,Electronics,30293,2,60586,Shimla,Cash on Delivery,2023,2,February,1
10151,2023-06-20,1701,Phone,Electronics,30282,1,30282,Shimla,UPI,2023,6,June,2
12073,2024-03-30,1014,Phone,Electronics,30280,4,121120,Bangalore,UPI,2024,3,March,1
10979,2024-07-12,1137,Phone,Electronics,30276,1,30276,Mumbai,Credit Card,2024,7,July,3
11060,2023-01-15,1245,Phone,Electronics,30276,2,60552,Delhi,UPI,2023,1,January,1
13809,2024-07-08,1824,Phone,Electronics,30274,3,90822,Chandigarh,Debit Card,2024,7,July,3
13945,2023-09-17,1559,Phone,Electronics,30274,1,30274,Mumbai,Credit Card,2023,9,September,3
14935,2023-12-06,1325,Phone,Electronics,30272,3,90816,Shimla,Debit Card,2023,12,December,4
10297,2024-04-17,1226,Phone,Electronics,30267,4,121068,Mumbai,Credit Card,2024,4,April,2
14552,2024-09-11,1978,Phone,Electronics,30267,1,30267,Chandigarh,Credit Card,2024,9,September,3
13408,2023-06-19,1991,Phone,Electronics,30267,2,60534,Shimla,Debit Card,2023,6,June,2
12110,2023-01-21,1517,Phone,Electronics,30266,1,30266,Jaipur,Debit Card,2023,1,January,1
14081,2023-01-04,1248,Phone,Electronics,30265,2,60530,Mumbai,Credit Card,2023,1,January,1
10971,2023-11-22,1414,Phone,Electronics,30264,2,60528,Jaipur,Credit Card,2023,11,November,4
14605,2023-10-09,1987,Phone,Electronics,30263,2,60526,Shimla,Cash on Delivery,2023,10,October,4
12027,2024-02-18,1150,Phone,Electronics,30262,3,90786,Shimla,Cash on Delivery,2024,2,February,1
10591,2023-08-11,1570,Phone,Electronics,30262,2,60524,Jaipur,Debit Card,2023,8,August,3
10693,2024-01-08,1452,Phone,Electronics,30262,3,90786,Jaipur,UPI,2024,1,January,1
13822,2024-03-31,1172,Phone,Electronics,30261,3,90783,Delhi,Credit Card,2024,3,March,1
14825,2024-04-03,1260,Phone,Electronics,30260,2,60520,Jaipur,Debit Card,2024,4,April,2
13513,2023-04-26,1950,Phone,Electronics,30259,4,121036,Jaipur,Debit Card,2023,4,April,2
10966,2023-01-26,1383,Phone,Electronics,30259,4,121036,Jaipur,Credit Card,2023,1,January,1
14471,2023-09-13,1984,Phone,Electronics,30255,2,60510,Mumbai,Debit Card,2023,9,September,3
10733,2024-11-19,1415,Phone,Electronics,30251,4,121004,Bangalore,Cash on Delivery,2024,11,November,4
12763,2023-03-16,1463,Phone,Electronics,30249,2,60498,Bangalore,Debit Card,2023,3,March,1
11555,2023-11-25,1721,Phone,Electronics,30248,2,60496,Delhi,UPI,2023,11,November,4
12171,2024-01-13,1966,Phone,Electronics,30247,4,120988,Jaipur,Credit Card,2024,1,January,1
13996,2023-09-04,1209,Phone,Electronics,30244,4,120976,Delhi,Debit Card,2023,9,September,3
13318,2023-12-23,1198,Phone,Electronics,30239,1,30239,Bangalore,Debit Card,2023,12,December,4
14093,2024-05-23,1364,Phone,Electronics,30239,1,30239,Delhi,UPI,2024,5,May,2
14755,2024-01-06,1961,Phone,Electronics,30239,2,60478,Mumbai,Debit Card,2024,1,January,1
12201,2024-10-22,1252,Phone,Electronics,30238,3,90714,Delhi,Cash on Delivery,2024,10,October,4
11487,2023-09-23,1488,Phone,Electronics,30232,3,90696,Jaipur,Credit Card,2023,9,September,3
12393,2024-10-24,1816,Phone,Electronics,30227,4,120908,Bangalore,UPI,2024,10,October,4
10500,2024-01-15,1934,Phone,Electronics,30225,3,90675,Chandigarh,UPI,2024,1,January,1
11080,2023-06-08,1857,Phone,Electronics,30218,4,120872,Shimla,Cash on Delivery,2023,6,June,2
13294,2023-09-23,1166,Phone,Electronics,30218,3,90654,Bangalore,Cash on Delivery,2023,9,September,3
13789,2024-08-26,1819,Phone,Electronics,30217,1,30217,Bangalore,Cash on Delivery,2024,8,August,3
14354,2024-07-13,1432,Phone,Electronics,30212,3,90636,Jaipur,Cash on Delivery,2024,7,July,3
12706,2023-07-07,1264,Phone,Electronics,30207,1,30207,Mumbai,Cash on Delivery,2023,7,July,3
12757,2023-02-16,1829,Phone,Electronics,30204,4,120816,Jaipur,Debit Card,2023,2,February,1
11587,2023-02-09,1862,Phone,Electronics,30201,3,90603,Mumbai,UPI,2023,2,February,1
11119,2023-11-20,1673,Phone,Electronics,30199,3,90597,Mumbai,Credit Card,2023,11,November,4
14609,2023-11-21,1445,Phone,Electronics,30199,3,90597,Delhi,Debit Card,2023,11,November,4
10116,2023-02-10,1421,Phone,Electronics,30197,1,30197,Delhi,Debit Card,2023,2,February,1
12791,2024-09-29,1764,Phone,Electronics,30194,3,90582,Delhi,Cash on Delivery,2024,9,September,3
12623,2024-04-07,1186,Phone,Electronics,30192,2,60384,Shimla,Debit Card,2024,4,April,2
14880,2023-07-08,1168,Phone,Electronics,30187,2,60374,Jaipur,Debit Card,2023,7,July,3
10883,2023-01-07,1796,Phone,Electronics,30183,2,60366,Delhi,Debit Card,2023,1,January,1
12344,2024-04-06,1104,Phone,Electronics,30183,3,90549,Jaipur,Cash on Delivery,2024,4,April,2
11211,2023-04-23,1606,Phone,Electronics,30182,2,60364,Jaipur,UPI,2023,4,April,2
10207,2023-04-23,1510,Phone,Electronics,30181,3,90543,Jaipur,Credit Card,2023,4,April,2
10842,2023-08-21,1071,Phone,Electronics,30177,3,90531,Delhi,Debit Card,2023,8,August,3
12942,2023-01-08,1636,Phone,Electronics,30177,3,90531,Shimla,Credit Card,2023,1,January,1
10077,2024-07-09,1427,Phone,Electronics,30177,2,60354,Delhi,Credit Card,2024,7,July,3
13087,2024-10-20,1740,Phone,Electronics,30176,1,30176,Jaipur,Cash on Delivery,2024,10,October,4
14964,2023-03-05,1752,Phone,Electronics,30174,1,30174,Mumbai,Credit Card,2023,3,March,1
13954,2023-09-04,1038,Phone,Electronics,30172,1,30172,Bangalore,UPI,2023,9,September,3
11438,2023-08-11,1948,Phone,Electronics,30166,2,60332,Bangalore,UPI,2023,8,August,3
13879,2024-11-30,1288,Phone,Electronics,30160,2,60320,Chandigarh,Credit Card,2024,11,November,4
11407,2023-03-22,1617,Phone,Electronics,30158,2,60316,Jaipur,UPI,2023,3,March,1
13990,2024-03-26,1485,Phone,Electronics,30156,3,90468,Bangalore,UPI,2024,3,March,1
12832,2023-03-11,1182,Phone,Electronics,30153,4,120612,Shimla,Credit Card,2023,3,March,1
10639,2024-03-26,1879,Phone,Electronics,30152,3,90456,Jaipur,Debit Card,2024,3,March,1
10704,2023-02-10,1287,Phone,Electronics,30147,4,120588,Mumbai,Credit Card,2023,2,February,1
11363,2023-05-28,1629,Phone,Electronics,30142,2,60284,Jaipur,Credit Card,2023,5,May,2
10033,2024-04-19,1144,Phone,Electronics,30140,3,90420,Jaipur,Cash on Delivery,2024,4,April,2
11796,2023-03-27,1342,Phone,Electronics,30137,3,90411,Bangalore,Cash on Delivery,2023,3,March,1
11537,2023-02-23,1843,Phone,Electronics,30132,3,90396,Mumbai,Cash on Delivery,2023,2,February,1
14425,2023-10-02,1113,Phone,Electronics,30131,4,120524,Bangalore,Credit Card,2023,10,October,4
12633,2023-10-05,1600,Phone,Electronics,30128,2,60256,Delhi,Cash on Delivery,2023,10,October,4
11361,2023-10-16,1952,Phone,Electronics,30123,3,90369,Chandigarh,Debit Card,2023,10,October,4
10081,2023-09-28,1326,Phone,Electronics,30118,2,60236,Shimla,Debit Card,2023,9,September,3
13685,2023-06-26,1379,Phone,Electronics,30117,2,60234,Mumbai,UPI,2023,6,June,2
10351,2023-10-07,1807,Phone,Electronics,30113,3,90339,Chandigarh,Credit Card,2023,10,October,4
11039,2024-11-21,1897,Phone,Electronics,30110,2,60220,Mumbai,Cash on Delivery,2024,11,November,4
13968,2024-08-22,1020,Phone,Electronics,30108,1,30108,Bangalore,Credit Card,2024,8,August,3
10293,2023-09-11,1821,Phone,Electronics,30102,2,60204,Mumbai,Cash on Delivery,2023,9,September,3
12205,2024-02-23,1784,Phone,Electronics,30096,4,120384,Delhi,Debit Card,2024,2,February,1
12082,2024-04-17,1869,Phone,Electronics,30088,4,120352,Bangalore,UPI,2024,4,April,2
14020,2023-03-23,1386,Phone,Electronics,30085,2,60170,Shimla,Credit Card,2023,3,March,1
11355,2023-02-24,1888,Phone,Electronics,30085,1,30085,Jaipur,Cash on Delivery,2023,2,February,1
10400,2024-12-27,1692,Phone,Electronics,30084,4,120336,Bangalore,Debit Card,2024,12,December,4
13436,2024-07-16,1057,Phone,Electronics,30082,1,30082,Bangalore,UPI,2024,7,July,3
10847,2023-03-19,1941,Phone,Electronics,30079,4,120316,Chandigarh,Debit Card,2023,3,March,1
11598,2023-10-16,1428,Phone,Electronics,30079,4,120316,Delhi,UPI,2023,10,October,4
10217,2023-08-13,1337,Phone,Electronics,30078,2,60156,Bangalore,Credit Card,2023,8,August,3
10333,2024-04-25,1976,Phone,Electronics,30078,3,90234,Bangalore,Credit Card,2024,4,April,2
14281,2023-12-04,1291,Phone,Electronics,30074,1,30074,Shimla,Cash on Delivery,2023,12,December,4
10323,2023-08-18,1725,Phone,Electronics,30072,3,90216,Delhi,Debit Card,2023,8,August,3
12090,2023-01-03,1110,Phone,Electronics,30068,3,90204,Shimla,Cash on Delivery,2023,1,January,1
14170,2024-08-15,1576,Phone,Electronics,30065,2,60130,Mumbai,Debit Card,2024,8,August,3
13800,2024-05-15,1441,Phone,Electronics,30064,4,120256,Delhi,Cash on Delivery,2024,5,May,2
12424,2024-02-24,1082,Phone,Electronics,30061,3,90183,Mumbai,Cash on Delivery,2024,2,February,1
10460,2023-06-03,1725,Phone,Electronics,30061,1,30061,Jaipur,Credit Card,2023,6,June,2
13843,2024-09-22,1065,Phone,Electronics,30060,3,90180,Shimla,Debit Card,2024,9,September,3
10601,2024-05-06,1902,Phone,Electronics,30057,2,60114,Jaipur,Debit Card,2024,5,May,2
10380,2023-09-03,1629,Phone,Electronics,30057,3,90171,Shimla,UPI,2023,9,September,3
13006,2024-03-09,1916,Phone,Electronics,30056,2,60112,Mumbai,Debit Card,2024,3,March,1
10706,2024-05-16,1145,Phone,Electronics,30052,3,90156,Jaipur,Credit Card,2024,5,May,2
11457,2024-05-11,1919,Phone,Electronics,30048,4,120192,Bangalore,Cash on Delivery,2024,5,May,2
14065,2024-09-06,1198,Phone,Electronics,30039,1,30039,Mumbai,Credit Card,2024,9,September,3
13067,2024-02-05,1683,Phone,Electronics,30039,3,90117,Bangalore,Cash on Delivery,2024,2,February,1
13934,2023-03-31,1564,Phone,Electronics,30036,1,30036,Bangalore,Cash on Delivery,2023,3,March,1
10922,2024-02-29,1867,Phone,Electronics,30031,1,30031,Shimla,Credit Card,2024,2,February,1
10560,2023-01-19,1162,Phone,Electronics,30030,4,120120,Mumbai,Credit Card,2023,1,January,1
12299,2024-09-24,1068,Phone,Electronics,30024,1,30024,Chandigarh,Cash on Delivery,2024,9,September,3
12062,2024-09-05,1826,Phone,Electronics,30021,1,30021,Chandigarh,Debit Card,2024,9,September,3
11376,2023-10-23,1790,Phone,Electronics,30021,1,30021,Bangalore,Debit Card,2023,10,October,4
12039,2023-02-22,1182,Phone,Electronics,30018,3,90054,Bangalore,Credit Card,2023,2,February,1
10161,2024-07-10,1486,Phone,Electronics,30015,3,90045,Chandigarh,Cash on Delivery,2024,7,July,3
11139,2024-07-20,1163,Phone,Electronics,30013,1,30013,Jaipur,UPI,2024,7,July,3
11330,2024-03-30,1327,Phone,Electronics,30011,1,30011,Jaipur,UPI,2024,3,March,1
14190,2023-03-06,1921,Phone,Electronics,30009,4,120036,Bangalore,Debit Card,2023,3,March,1
12647,2024-01-02,1116,Phone,Electronics,30007,3,90021,Jaipur,Cash on Delivery,2024,1,January,1
11503,2024-12-05,1252,Phone,Electronics,30005,2,60010,Bangalore,UPI,2024,12,December,4
10800,2023-04-16,1684,Phone,Electronics,30005,4,120020,Delhi,Cash on Delivery,2023,4,April,2
14246,2023-11-27,1643,Phone,Electronics,30005,4,120020,Jaipur,Credit Card,2023,11,November,4
14034,2023-10-05,1270,Phone,Electronics,30003,3,90009,Shimla,Cash on Delivery,2023,10,October,4
11566,2023-11-28,1579,Phone,Electronics,30001,2,60002,Bangalore,UPI,2023,11,November,4
14237,2023-06-28,1537,Phone,Electronics,29999,1,29999,Delhi,Cash on Delivery,2023,6,June,2
14349,2023-06-03,1848,Phone,Electronics,29995,2,59990,Shimla,Credit Card,2023,6,June,2
12473,2024-05-24,1709,Phone,Electronics,29994,4,119976,Delhi,Cash on Delivery,2024,5,May,2
12365,2023-08-26,1170,Phone,Electronics,29993,3,89979,Jaipur,UPI,2023,8,August,3
12830,2024-11-20,1557,Phone,Electronics,29988,1,29988,Bangalore,Debit Card,2024,11,November,4
11484,2024-03-15,1985,Phone,Electronics,29985,1,29985,Delhi,UPI,2024,3,March,1
11470,2024-06-29,1507,Phone,Electronics,29978,3,89934,Chandigarh,UPI,2024,6,June,2
11049,2024-09-07,1777,Phone,Electronics,29975,4,119900,Bangalore,UPI,2024,9,September,3
11013,2024-08-10,1180,Phone,Electronics,29975,4,119900,Shimla,Cash on Delivery,2024,8,August,3
13000,2024-12-01,1293,Phone,Electronics,29972,1,29972,Shimla,Debit Card,2024,12,December,4
13489,2024-09-11,1018,Phone,Electronics,29968,3,89904,Bangalore,UPI,2024,9,September,3
10196,2024-04-16,1934,Phone,Electronics,29966,1,29966,Bangalore,Debit Card,2024,4,April,2
11997,2023-07-04,1767,Phone,Electronics,29964,3,89892,Mumbai,UPI,2023,7,July,3
13418,2024-03-06,1986,Phone,Electronics,29963,4,119852,Delhi,Credit Card,2024,3,March,1
11025,2023-01-05,1817,Phone,Electronics,29961,2,59922,Delhi,Cash on Delivery,2023,1,January,1
13960,2023-12-18,1371,Phone,Electronics,29961,1,29961,Mumbai,Debit Card,2023,12,December,4
10911,2023-04-19,1867,Phone,Electronics,29959,2,59918,Delhi,UPI,2023,4,April,2
11373,2024-05-15,1437,Phone,Electronics,29959,3,89877,Jaipur,Credit Card,2024,5,May,2
11825,2024-01-05,1157,Phone,Electronics,29959,1,29959,Bangalore,Credit Card,2024,1,January,1
12812,2023-08-08,1815,Phone,Electronics,29955,4,119820,Jaipur,UPI,2023,8,August,3
13603,2024-05-22,1724,Phone,Electronics,29952,3,89856,Mumbai,Credit Card,2024,5,May,2
12015,2024-10-30,1307,Phone,Electronics,29952,1,29952,Delhi,Cash on Delivery,2024,10,October,4
12544,2023-12-18,1026,Phone,Electronics,29947,2,59894,Mumbai,Debit Card,2023,12,December,4
10127,2024-11-14,1719,Phone,Electronics,29947,2,59894,Mumbai,UPI,2024,11,November,4
14794,2024-11-18,1691,Phone,Electronics,29940,4,119760,Shimla,Credit Card,2024,11,November,4
14212,2024-01-25,1778,Phone,Electronics,29934,4,119736,Bangalore,Credit Card,2024,1,January,1
11304,2023-01-29,1434,Phone,Electronics,29931,3,89793,Bangalore,Credit Card,2023,1,January,1
14207,2023-12-05,1206,Phone,Electronics,29931,2,59862,Chandigarh,Debit Card,2023,12,December,4
12457,2023-08-30,1439,Phone,Electronics,29930,2,59860,Jaipur,UPI,2023,8,August,3
12153,2023-10-25,1896,Phone,Electronics,29925,4,119700,Delhi,Debit Card,2023,10,October,4
11432,2023-05-17,1741,Phone,Electronics,29923,1,29923,Delhi,Debit Card,2023,5,May,2
10350,2023-02-06,1815,Phone,Electronics,29919,3,89757,Delhi,Debit Card,2023,2,February,1
12663,2023-08-12,1317,Phone,Electronics,29919,1,29919,Delhi,UPI,2023,8,August,3
13793,2024-11-12,1533,Phone,Electronics,29914,3,89742,Mumbai,Credit Card,2024,11,November,4
10005,2023-03-13,1382,Phone,Electronics,29914,3,89742,Mumbai,Cash on Delivery,2023,3,March,1
11448,2024-09-11,1512,Phone,Electronics,29911,4,119644,Shimla,Credit Card,2024,9,September,3
13886,2023-01-05,1165,Phone,Electronics,29907,2,59814,Bangalore,UPI,2023,1,January,1
11940,2023-10-30,1645,Phone,Electronics,29904,1,29904,Jaipur,Cash on Delivery,2023,10,October,4
11268,2024-12-07,1242,Phone,Electronics,29901,4,119604,Shimla,Debit Card,2024,12,December,4
13804,2024-06-02,1083,Phone,Electronics,29900,3,89700,Shimla,Debit Card,2024,6,June,2
12889,2023-03-07,1404,Phone,Electronics,29895,3,89685,Shimla,Cash on Delivery,2023,3,March,1
10086,2024-12-02,1911,Phone,Electronics,29893,3,89679,Mumbai,Debit Card,2024,12,December,4
10828,2023-04-03,1303,Phone,Electronics,29878,4,119512,Delhi,Debit Card,2023,4,April,2
13270,2023-12-09,1938,Phone,Electronics,29877,3,89631,Shimla,Credit Card,2023,12,December,4
14618,2023-06-20,1934,Phone,Electronics,29877,3,89631,Jaipur,Debit Card,2023,6,June,2
12352,2024-11-05,1598,Phone,Electronics,29874,1,29874,Bangalore,Debit Card,2024,11,November,4
14371,2023-02-15,1156,Phone,Electronics,29865,1,29865,Shimla,UPI,2023,2,February,1
12905,2023-02-01,1651,Phone,Electronics,29860,4,119440,Delhi,UPI,2023,2,February,1
14241,2023-05-04,1590,Phone,Electronics,29856,4,119424,Delhi,UPI,2023,5,May,2
11014,2024-06-30,1617,Phone,Electronics,29855,2,59710,Jaipur,UPI,2024,6,June,2
13739,2024-12-28,1230,Phone,Electronics,29854,3,89562,Delhi,Debit Card,2024,12,December,4
14125,2023-02-16,1839,Phone,Electronics,29853,3,89559,Bangalore,UPI,2023,2,February,1
14394,2023-02-10,1254,Phone,Electronics,29850,2,59700,Jaipur,Credit Card,2023,2,February,1
12658,2023-09-18,1228,Phone,Electronics,29847,2,59694,Jaipur,Debit Card,2023,9,September,3
11464,2024-05-07,1282,Phone,Electronics,29846,1,29846,Chandigarh,Cash on Delivery,2024,5,May,2
14145,2024-05-19,1425,Phone,Electronics,29844,3,89532,Jaipur,Credit Card,2024,5,May,2
10214,2024-10-03,1732,Phone,Electronics,29841,2,59682,Chandigarh,Credit Card,2024,10,October,4
13865,2023-09-24,1069,Phone,Electronics,29835,1,29835,Shimla,UPI,2023,9,September,3
10344,2023-06-07,1871,Phone,Electronics,29833,1,29833,Bangalore,Debit Card,2023,6,June,2
10095,2024-05-07,1908,Phone,Electronics,29832,4,119328,Chandigarh,UPI,2024,5,May,2
10011,2023-08-03,1641,Phone,Electronics,29827,2,59654,Shimla,Cash on Delivery,2023,8,August,3
12311,2024-04-25,1833,Phone,Electronics,29823,4,119292,Bangalore,Credit Card,2024,4,April,2
12318,2023-06-29,1277,Phone,Electronics,29821,4,119284,Mumbai,Credit Card,2023,6,June,2
12161,2023-12-28,1386,Phone,Electronics,29813,4,119252,Jaipur,Credit Card,2023,12,December,4
13790,2024-11-28,1347,Phone,Electronics,29809,3,89427,Delhi,Cash on Delivery,2024,11,November,4
13252,2023-06-17,1395,Phone,Electronics,29806,4,119224,Delhi,Debit Card,2023,6,June,2
12064,2024-03-29,1466,Phone,Electronics,29803,2,59606,Bangalore,Credit Card,2024,3,March,1
13243,2024-02-01,1654,Phone,Electronics,29801,3,89403,Chandigarh,Credit Card,2024,2,February,1
11951,2023-05-13,1541,Phone,Electronics,29800,3,89400,Jaipur,Debit Card,2023,5,May,2
12515,2023-07-19,1009,Phone,Electronics,29799,1,29799,Delhi,Debit Card,2023,7,July,3
13053,2024-10-01,1228,Phone,Electronics,29796,3,89388,Chandigarh,Debit Card,2024,10,October,4
13351,2024-11-02,1419,Phone,Electronics,29795,3,89385,Jaipur,UPI,2024,11,November,4
14181,2024-05-29,1770,Phone,Electronics,29789,3,89367,Jaipur,Debit Card,2024,5,May,2
13269,2023-06-23,1657,Phone,Electronics,29789,2,59578,Chandigarh,Credit Card,2023,6,June,2
14780,2023-06-10,1522,Phone,Electronics,29788,4,119152,Chandigarh,Credit Card,2023,6,June,2
13354,2024-01-15,1368,Phone,Electronics,29787,3,89361,Bangalore,UPI,2024,1,January,1
11384,2023-02-08,1053,Phone,Electronics,29787,4,119148,Chandigarh,Credit Card,2023,2,February,1
12846,2023-06-14,1972,Phone,Electronics,29787,1,29787,Shimla,Cash on Delivery,2023,6,June,2
14470,2023-08-02,1382,Phone,Electronics,29785,1,29785,Delhi,Debit Card,2023,8,August,3
12518,2023-02-12,1080,Phone,Electronics,29784,1,29784,Delhi,Cash on Delivery,2023,2,February,1
12755,2023-09-17,1188,Phone,Electronics,29783,2,59566,Shimla,Credit Card,2023,9,September,3
12337,2023-02-11,1282,Phone,Electronics,29779,2,59558,Mumbai,Credit Card,2023,2,February,1
10807,2023-11-26,1257,Phone,Electronics,29779,3,89337,Mumbai,Debit Card,2023,11,November,4
13721,2024-10-19,1962,Phone,Electronics,29777,3,89331,Chandigarh,UPI,2024,10,October,4
12549,2024-09-14,1620,Phone,Electronics,29774,3,89322,Jaipur,UPI,2024,9,September,3
12603,2023-05-29,1208,Phone,Electronics,29771,4,119084,Chandigarh,Debit Card,2023,5,May,2
13300,2024-07-04,1858,Phone,Electronics,29768,3,89304,Shimla,Credit Card,2024,7,July,3
13792,2024-11-23,1473,Phone,Electronics,29766,1,29766,Chandigarh,Cash on Delivery,2024,11,November,4
12617,2023-08-23,1573,Phone,Electronics,29766,1,29766,Shimla,Cash on Delivery,2023,8,August,3
14146,2024-07-13,1947,Phone,Electronics,29765,2,59530,Bangalore,UPI,2024,7,July,3
11980,2023-02-04,1657,Phone,Electronics,29764,1,29764,Shimla,Debit Card,2023,2,February,1
11595,2024-07-21,1432,Phone,Electronics,29762,4,119048,Chandigarh,Debit Card,2024,7,July,3
11260,2024-07-01,1363,Phone,Electronics,29760,1,29760,Delhi,Credit Card,2024,7,July,3
11550,2023-08-04,1949,Phone,Electronics,29754,4,119016,Bangalore,Credit Card,2023,8,August,3
13854,2023-03-31,1395,Phone,Electronics,29754,2,59508,Bangalore,Debit Card,2023,3,March,1
14243,2023-01-12,1894,Phone,Electronics,29753,2,59506,Mumbai,Cash on Delivery,2023,1,January,1
11176,2024-04-13,1609,Phone,Electronics,29752,3,89256,Chandigarh,UPI,2024,4,April,2
14563,2024-09-25,1105,Phone,Electronics,29748,1,29748,Chandigarh,Credit Card,2024,9,September,3
10071,2024-07-19,1081,Phone,Electronics,29745,1,29745,Delhi,UPI,2024,7,July,3
10142,2024-11-21,1767,Phone,Electronics,29742,3,89226,Chandigarh,Debit Card,2024,11,November,4
14952,2024-04-09,1764,Phone,Electronics,29742,4,118968,Bangalore,Credit Card,2024,4,April,2
14872,2024-07-15,1506,Phone,Electronics,29739,3,89217,Bangalore,Debit Card,2024,7,July,3
13005,2024-04-30,1711,Phone,Electronics,29739,2,59478,Delhi,Cash on Delivery,2024,4,April,2
12009,2023-11-04,1652,Phone,Electronics,29738,3,89214,Bangalore,UPI,2023,11,November,4
14428,2023-11-15,1642,Phone,Electronics,29735,4,118940,Chandigarh,UPI,2023,11,November,4
10633,2023-06-16,1140,Phone,Electronics,29733,2,59466,Jaipur,UPI,2023,6,June,2
12392,2023-03-01,1493,Phone,Electronics,29732,2,59464,Jaipur,Debit Card,2023,3,March,1
14288,2024-10-30,1913,Phone,Electronics,29724,1,29724,Bangalore,Cash on Delivery,2024,10,October,4
10438,2024-04-18,1947,Phone,Electronics,29723,4,118892,Shimla,Debit Card,2024,4,April,2
14028,2023-11-11,1254,Phone,Electronics,29723,3,89169,Bangalore,Cash on Delivery,2023,11,November,4
10453,2023-09-29,1470,Phone,Electronics,29720,4,118880,Bangalore,UPI,2023,9,September,3
10661,2024-07-09,1782,Phone,Electronics,29716,4,118864,Delhi,Cash on Delivery,2024,7,July,3
11486,2024-01-12,1038,Phone,Electronics,29714,3,89142,Mumbai,Debit Card,2024,1,January,1
11793,2024-04-07,1293,Phone,Electronics,29713,1,29713,Shimla,UPI,2024,4,April,2
14005,2024-02-08,1929,Phone,Electronics,29712,2,59424,Chandigarh,Debit Card,2024,2,February,1
13698,2023-01-23,1317,Phone,Electronics,29701,1,29701,Delhi,Credit Card,2023,1,January,1
12342,2023-08-04,1283,Phone,Electronics,29701,4,118804,Bangalore,Credit Card,2023,8,August,3
13535,2023-07-13,1787,Phone,Electronics,29697,4,118788,Shimla,Cash on Delivery,2023,7,July,3
12455,2023-01-13,1206,Phone,Electronics,29694,1,29694,Bangalore,Credit Card,2023,1,January,1
13428,2024-11-04,1077,Phone,Electronics,29693,2,59386,Mumbai,Credit Card,2024,11,November,4
12860,2023-06-27,1479,Phone,Electronics,29693,1,29693,Delhi,Debit Card,2023,6,June,2
14957,2024-08-29,1006,Phone,Electronics,29693,3,89079,Jaipur,Credit Card,2024,8,August,3
14057,2024-02-03,1357,Phone,Electronics,29692,3,89076,Chandigarh,Credit Card,2024,2,February,1
13362,2024-07-21,1310,Phone,Electronics,29690,3,89070,Jaipur,Credit Card,2024,7,July,3
14313,2023-06-15,1755,Phone,Electronics,29689,4,118756,Bangalore,Credit Card,2023,6,June,2
12126,2024-06-22,1893,Phone,Electronics,29687,1,29687,Delhi,Cash on Delivery,2024,6,June,2
10289,2024-09-16,1932,Phone,Electronics,29687,4,118748,Delhi,Credit Card,2024,9,September,3
13287,2023-11-28,1335,Phone,Electronics,29682,2,59364,Bangalore,UPI,2023,11,November,4
10160,2024-11-12,1595,Phone,Electronics,29674,3,89022,Shimla,UPI,2024,11,November,4
14550,2024-04-29,1978,Phone,Electronics,29673,1,29673,Shimla,Credit Card,2024,4,April,2
14285,2024-01-27,1433,Phone,Electronics,29666,2,59332,Jaipur,Cash on Delivery,2024,1,January,1
10528,2024-09-17,1277,Phone,Electronics,29665,3,88995,Shimla,Credit Card,2024,9,September,3
11184,2024-04-20,1890,Phone,Electronics,29665,1,29665,Shimla,Debit Card,2024,4,April,2
11265,2024-12-09,1072,Phone,Electronics,29661,1,29661,Shimla,UPI,2024,12,December,4
13636,2024-10-21,1507,Phone,Electronics,29660,1,29660,Bangalore,Debit Card,2024,10,October,4
11182,2024-09-21,1615,Phone,Electronics,29659,1,29659,Mumbai,Debit Card,2024,9,September,3
11452,2023-06-20,1456,Phone,Electronics,29658,1,29658,Mumbai,UPI,2023,6,June,2
14916,2024-06-15,1358,Phone,Electronics,29656,3,88968,Jaipur,Credit Card,2024,6,June,2
11703,2023-02-08,1055,Phone,Electronics,29655,2,59310,Mumbai,UPI,2023,2,February,1
11581,2024-03-29,1502,Phone,Electronics,29648,4,118592,Jaipur,UPI,2024,3,March,1
12350,2024-02-03,1463,Phone,Electronics,29648,4,118592,Chandigarh,UPI,2024,2,February,1
14210,2023-10-10,1760,Phone,Electronics,29646,4,118584,Chandigarh,Credit Card,2023,10,October,4
12207,2023-06-09,1023,Phone,Electronics,29633,3,88899,Delhi,UPI,2023,6,June,2
11201,2023-10-13,1908,Phone,Electronics,29632,4,118528,Shimla,UPI,2023,10,October,4
12158,2023-06-21,1707,Phone,Electronics,29632,4,118528,Jaipur,Debit Card,2023,6,June,2
10098,2023-01-15,1228,Phone,Electronics,29631,2,59262,Bangalore,Debit Card,2023,1,January,1
12811,2023-06-12,1923,Phone,Electronics,29629,4,118516,Bangalore,Cash on Delivery,2023,6,June,2
11106,2023-12-12,1155,Phone,Electronics,29623,2,59246,Shimla,Debit Card,2023,12,December,4
13948,2023-05-05,1904,Phone,Electronics,29619,2,59238,Shimla,Credit Card,2023,5,May,2
11921,2024-05-16,1024,Phone,Electronics,29619,1,29619,Jaipur,Cash on Delivery,2024,5,May,2
13183,2023-06-28,1218,Phone,Electronics,29619,1,29619,Jaipur,UPI,2023,6,June,2
10581,2024-07-18,1406,Phone,Electronics,29618,4,118472,Mumbai,UPI,2024,7,July,3
14632,2023-04-03,1232,Phone,Electronics,29617,2,59234,Bangalore,Cash on Delivery,2023,4,April,2
10255,2024-10-01,1139,Phone,Electronics,29616,2,59232,Delhi,Credit Card,2024,10,October,4
12181,2024-08-02,1574,Phone,Electronics,29613,1,29613,Jaipur,UPI,2024,8,August,3
10837,2024-11-12,1473,Phone,Electronics,29612,2,59224,Chandigarh,Cash on Delivery,2024,11,November,4
14334,2023-10-10,1387,Phone,Electronics,29611,2,59222,Shimla,Cash on Delivery,2023,10,October,4
10970,2024-10-06,1188,Phone,Electronics,29611,1,29611,Jaipur,Credit Card,2024,10,October,4
11890,2024-09-08,1502,Phone,Electronics,29611,3,88833,Mumbai,Credit Card,2024,9,September,3
11455,2023-02-08,1519,Phone,Electronics,29609,1,29609,Bangalore,Credit Card,2023,2,February,1
11284,2024-09-23,1853,Phone,Electronics,29606,4,118424,Mumbai,Credit Card,2024,9,September,3
14852,2024-06-24,1716,Phone,Electronics,29603,3,88809,Bangalore,Debit Card,2024,6,June,2
14554,2024-08-28,1366,Phone,Electronics,29600,2,59200,Bangalore,Cash on Delivery,2024,8,August,3
13979,2023-09-12,1122,Phone,Electronics,29598,3,88794,Mumbai,UPI,2023,9,September,3
13536,2024-11-11,1328,Phone,Electronics,29593,4,118372,Jaipur,Cash on Delivery,2024,11,November,4
12150,2023-11-08,1326,Phone,Electronics,29592,3,88776,Delhi,Credit Card,2023,11,November,4
11920,2023-11-14,1722,Phone,Electronics,29590,1,29590,Jaipur,Cash on Delivery,2023,11,November,4
12400,2024-01-17,1845,Phone,Electronics,29590,2,59180,Jaipur,UPI,2024,1,January,1
10745,2024-03-12,1972,Phone,Electronics,29586,2,59172,Mumbai,UPI,2024,3,March,1
10243,2023-07-06,1648,Phone,Electronics,29585,4,118340,Chandigarh,Cash on Delivery,2023,7,July,3
14431,2024-11-16,1252,Phone,Electronics,29583,3,88749,Chandigarh,Cash on Delivery,2024,11,November,4
12844,2023-05-22,1237,Phone,Electronics,29582,1,29582,Shimla,Credit Card,2023,5,May,2
12774,2023-09-11,1070,Phone,Electronics,29578,2,59156,Jaipur,Cash on Delivery,2023,9,September,3
10863,2023-01-08,1836,Phone,Electronics,29576,1,29576,Bangalore,UPI,2023,1,January,1
13292,2023-07-21,1745,Phone,Electronics,29571,1,29571,Chandigarh,Cash on Delivery,2023,7,July,3
11200,2024-04-21,1935,Phone,Electronics,29567,2,59134,Shimla,Credit Card,2024,4,April,2
12282,2023-01-12,1624,Phone,Electronics,29561,2,59122,Shimla,Cash on Delivery,2023,1,January,1
10347,2024-01-08,1896,Phone,Electronics,29553,3,88659,Chandigarh,Cash on Delivery,2024,1,January,1
12052,2024-08-07,1697,Phone,Electronics,29547,4,118188,Delhi,Cash on Delivery,2024,8,August,3
11538,2023-02-16,1758,Phone,Electronics,29547,2,59094,Bangalore,UPI,2023,2,February,1
14429,2024-08-11,1473,Phone,Electronics,29547,1,29547,Delhi,Cash on Delivery,2024,8,August,3
10029,2023-11-10,1111,Phone,Electronics,29546,2,59092,Delhi,Cash on Delivery,2023,11,November,4
10310,2024-01-27,1272,Phone,Electronics,29542,3,88626,Jaipur,Cash on Delivery,2024,1,January,1
14829,2023-10-31,1204,Phone,Electronics,29541,4,118164,Bangalore,Debit Card,2023,10,October,4
13444,2024-05-13,1170,Phone,Electronics,29540,1,29540,Delhi,Credit Card,2024,5,May,2
14083,2024-03-08,1776,Phone,Electronics,29537,1,29537,Bangalore,Cash on Delivery,2024,3,March,1
13154,2024-11-14,1177,Phone,Electronics,29536,2,59072,Bangalore,UPI,2024,11,November,4
14062,2024-01-03,1775,Phone,Electronics,29535,1,29535,Mumbai,Debit Card,2024,1,January,1
11445,2024-06-09,1501,Phone,Electronics,29534,1,29534,Delhi,Credit Card,2024,6,June,2
12921,2024-11-10,1779,Phone,Electronics,29531,3,88593,Delhi,Cash on Delivery,2024,11,November,4
14308,2023-12-11,1478,Phone,Electronics,29529,2,59058,Jaipur,Credit Card,2023,12,December,4
13805,2024-09-29,1614,Phone,Electronics,29527,4,118108,Mumbai,Cash on Delivery,2024,9,September,3
13334,2024-03-04,1609,Phone,Electronics,29523,1,29523,Bangalore,UPI,2024,3,March,1
14362,2023-03-09,1028,Phone,Electronics,29522,4,118088,Bangalore,Debit Card,2023,3,March,1
14043,2023-10-09,1862,Phone,Electronics,29522,3,88566,Shimla,UPI,2023,10,October,4
14912,2023-02-12,1787,Phone,Electronics,29520,4,118080,Shimla,Debit Card,2023,2,February,1
12414,2023-03-21,1933,Phone,Electronics,29520,4,118080,Chandigarh,Debit Card,2023,3,March,1
10441,2024-01-28,1024,Phone,Electronics,29519,2,59038,Mumbai,Cash on Delivery,2024,1,January,1
11829,2023-11-14,1854,Phone,Electronics,29519,1,29519,Jaipur,UPI,2023,11,November,4
10418,2023-02-22,1600,Phone,Electronics,29518,4,118072,Chandigarh,Cash on Delivery,2023,2,February,1
11199,2024-03-04,1799,Phone,Electronics,29516,1,29516,Jaipur,Debit Card,2024,3,March,1
14555,2024-10-23,1527,Phone,Electronics,29515,3,88545,Delhi,Debit Card,2024,10,October,4
10729,2023-06-26,1848,Phone,Electronics,29512,1,29512,Bangalore,UPI,2023,6,June,2
13839,2024-05-30,1542,Phone,Electronics,29508,1,29508,Chandigarh,Credit Card,2024,5,May,2
12268,2024-10-23,1567,Phone,Electronics,29507,3,88521,Jaipur,Debit Card,2024,10,October,4
10608,2023-06-19,1490,Phone,Electronics,29502,2,59004,Bangalore,Debit Card,2023,6,June,2
14052,2024-10-06,1154,Tablet,Electronics,20498,2,40996,Bangalore,Credit Card,2024,10,October,4
14150,2024-09-26,1066,Tablet,Electronics,20493,3,61479,Jaipur,Credit Card,2024,9,September,3
14980,2024-08-06,1436,Tablet,Electronics,20493,4,81972,Shimla,UPI,2024,8,August,3
11967,2023-06-05,1153,Tablet,Electronics,20492,4,81968,Jaipur,Credit Card,2023,6,June,2
13212,2023-04-03,1693,Tablet,Electronics,20491,3,61473,Shimla,UPI,2023,4,April,2
10638,2023-05-06,1932,Tablet,Electronics,20490,3,61470,Jaipur,UPI,2023,5,May,2
10315,2023-02-02,1027,Tablet,Electronics,20487,3,61461,Chandigarh,Credit Card,2023,2,February,1
14806,2023-11-27,1927,Tablet,Electronics,20486,2,40972,Bangalore,UPI,2023,11,November,4
10838,2024-06-17,1826,Tablet,Electronics,20480,2,40960,Bangalore,UPI,2024,6,June,2
14735,2023-02-23,1832,Tablet,Electronics,20475,2,40950,Shimla,Debit Card,2023,2,February,1
11494,2024-03-04,1107,Tablet,Electronics,20475,1,20475,Shimla,Cash on Delivery,2024,3,March,1
14489,2023-10-30,1810,Tablet,Electronics,20474,4,81896,Shimla,Cash on Delivery,2023,10,October,4
14136,2023-02-01,1813,Tablet,Electronics,20474,3,61422,Shimla,Cash on Delivery,2023,2,February,1
14099,2024-11-10,1424,Tablet,Electronics,20473,2,40946,Mumbai,Cash on Delivery,2024,11,November,4
10239,2023-05-24,1925,Tablet,Electronics,20472,3,61416,Chandigarh,Cash on Delivery,2023,5,May,2
14627,2023-05-24,1103,Tablet,Electronics,20468,2,40936,Jaipur,Credit Card,2023,5,May,2
13357,2024-03-15,1753,Tablet,Electronics,20468,1,20468,Bangalore,Cash on Delivery,2024,3,March,1
11358,2024-02-10,1380,Tablet,Electronics,20466,3,61398,Bangalore,Cash on Delivery,2024,2,February,1
11942,2024-01-30,1633,Tablet,Electronics,20460,4,81840,Bangalore,Cash on Delivery,2024,1,January,1
12748,2023-04-23,1629,Tablet,Electronics,20460,1,20460,Jaipur,Cash on Delivery,2023,4,April,2
13438,2023-12-07,1573,Tablet,Electronics,20459,3,61377,Delhi,Cash on Delivery,2023,12,December,4
14035,2023-12-20,1122,Tablet,Electronics,20454,1,20454,Delhi,Credit Card,2023,12,December,4
11374,2023-03-14,1214,Tablet,Electronics,20449,3,61347,Mumbai,Cash on Delivery,2023,3,March,1
13353,2024-09-03,1213,Tablet,Electronics,20447,3,61341,Jaipur,Credit Card,2024,9,September,3
10189,2023-08-13,1327,Tablet,Electronics,20443,1,20443,Bangalore,Cash on Delivery,2023,8,August,3
11308,2023-03-16,1438,Tablet,Electronics,20443,4,81772,Delhi,Cash on Delivery,2023,3,March,1
11880,2023-01-24,1330,Tablet,Electronics,20440,3,61320,Chandigarh,Debit Card,2023,1,January,1
10406,2023-05-05,1350,Tablet,Electronics,20439,2,40878,Shimla,Debit Card,2023,5,May,2
10742,2024-04-20,1879,Tablet,Electronics,20438,4,81752,Chandigarh,Credit Card,2024,4,April,2
14443,2024-01-04,1742,Tablet,Electronics,20437,3,61311,Shimla,Credit Card,2024,1,January,1
14135,2023-07-21,1057,Tablet,Electronics,20436,4,81744,Chandigarh,Debit Card,2023,7,July,3
12625,2023-10-10,1441,Tablet,Electronics,20434,2,40868,Bangalore,Credit Card,2023,10,October,4
14162,2023-07-17,1203,Tablet,Electronics,20432,4,81728,Mumbai,Cash on Delivery,2023,7,July,3
11528,2024-05-07,1228,Tablet,Electronics,20431,1,20431,Chandigarh,Cash on Delivery,2024,5,May,2
14896,2023-09-17,1540,Tablet,Electronics,20429,4,81716,Mumbai,UPI,2023,9,September,3
13448,2024-09-28,1305,Tablet,Electronics,20425,4,81700,Chandigarh,Cash on Delivery,2024,9,September,3
14775,2024-01-23,1676,Tablet,Electronics,20422,3,61266,Bangalore,UPI,2024,1,January,1
14915,2023-04-28,1692,Tablet,Electronics,20417,4,81668,Delhi,Credit Card,2023,4,April,2
12038,2024-10-15,1747,Tablet,Electronics,20410,1,20410,Delhi,Credit Card,2024,10,October,4
10190,2023-08-22,1775,Tablet,Electronics,20410,4,81640,Mumbai,UPI,2023,8,August,3
13837,2024-04-15,1578,Tablet,Electronics,20407,2,40814,Jaipur,UPI,2024,4,April,2
12902,2024-12-04,1502,Tablet,Electronics,20404,2,40808,Delhi,Cash on Delivery,2024,12,December,4
14224,2024-03-27,1977,Tablet,Electronics,20403,4,81612,Jaipur,Credit Card,2024,3,March,1
13341,2024-03-26,1696,Tablet,Electronics,20401,3,61203,Shimla,Cash on Delivery,2024,3,March,1
13976,2024-09-04,1970,Tablet,Electronics,20398,4,81592,Mumbai,Credit Card,2024,9,September,3
11232,2023-02-23,1053,Tablet,Electronics,20398,3,61194,Jaipur,Cash on Delivery,2023,2,February,1
10522,2024-08-24,1542,Tablet,Electronics,20395,3,61185,Chandigarh,UPI,2024,8,August,3
14493,2023-05-09,1809,Tablet,Electronics,20392,2,40784,Chandigarh,Cash on Delivery,2023,5,May,2
10022,2024-05-06,1265,Tablet,Electronics,20390,4,81560,Delhi,Debit Card,2024,5,May,2
10929,2023-11-11,1742,Tablet,Electronics,20387,3,61161,Shimla,Credit Card,2023,11,November,4
10599,2023-01-09,1461,Tablet,Electronics,20385,2,40770,Chandigarh,Debit Card,2023,1,January,1
10128,2024-12-26,1405,Tablet,Electronics,20383,4,81532,Chandigarh,Cash on Delivery,2024,12,December,4
11830,2023-03-25,1462,Tablet,Electronics,20380,4,81520,Delhi,Cash on Delivery,2023,3,March,1
11731,2024-05-06,1117,Tablet,Electronics,20378,3,61134,Jaipur,UPI,2024,5,May,2
10245,2024-04-08,1366,Tablet,Electronics,20374,1,20374,Bangalore,Cash on Delivery,2024,4,April,2
11022,2023-10-18,1409,Tablet,Electronics,20374,2,40748,Jaipur,Credit Card,2023,10,October,4
14220,2024-04-02,1482,Tablet,Electronics,20374,2,40748,Chandigarh,Debit Card,2024,4,April,2
13146,2024-07-29,1516,Tablet,Electronics,20371,3,61113,Shimla,Debit Card,2024,7,July,3
13442,2023-05-19,1295,Tablet,Electronics,20367,4,81468,Bangalore,Cash on Delivery,2023,5,May,2
13466,2024-10-20,1953,Tablet,Electronics,20360,1,20360,Mumbai,UPI,2024,10,October,4
11700,2023-04-09,1440,Tablet,Electronics,20357,1,20357,Delhi,Credit Card,2023,4,April,2
10397,2023-05-23,1162,Tablet,Electronics,20357,2,40714,Shimla,Debit Card,2023,5,May,2
14583,2024-05-23,1793,Tablet,Electronics,20353,2,40706,Mumbai,Credit Card,2024,5,May,2
13752,2023-09-09,1276,Tablet,Electronics,20350,3,61050,Jaipur,Debit Card,2023,9,September,3
13889,2024-04-03,1804,Tablet,Electronics,20350,3,61050,Jaipur,UPI,2024,4,April,2
10270,2023-10-31,1882,Tablet,Electronics,20348,2,40696,Chandigarh,Cash on Delivery,2023,10,October,4
14761,2024-05-19,1068,Tablet,Electronics,20345,2,40690,Bangalore,Debit Card,2024,5,May,2
10536,2024-11-06,1489,Tablet,Electronics,20344,1,20344,Bangalore,UPI,2024,11,November,4
12488,2023-07-11,1847,Tablet,Electronics,20343,1,20343,Jaipur,Debit Card,2023,7,July,3
13936,2023-11-28,1549,Tablet,Electronics,20336,3,61008,Chandigarh,UPI,2023,11,November,4
13215,2023-05-22,1098,Tablet,Electronics,20331,4,81324,Delhi,UPI,2023,5,May,2
14917,2023-08-10,1439,Tablet,Electronics,20330,3,60990,Chandigarh,UPI,2023,8,August,3
13882,2023-06-08,1238,Tablet,Electronics,20327,1,20327,Chandigarh,Cash on Delivery,2023,6,June,2
13332,2024-02-24,1050,Tablet,Electronics,20327,1,20327,Bangalore,Credit Card,2024,2,February,1
14369,2023-03-14,1631,Tablet,Electronics,20322,1,20322,Chandigarh,Cash on Delivery,2023,3,March,1
14707,2024-04-24,1754,Tablet,Electronics,20322,2,40644,Mumbai,Debit Card,2024,4,April,2
13860,2023-01-25,1325,Tablet,Electronics,20320,1,20320,Chandigarh,UPI,2023,1,January,1
13844,2024-10-06,1069,Tablet,Electronics,20320,1,20320,Delhi,Debit Card,2024,10,October,4
13594,2024-10-17,1699,Tablet,Electronics,20317,2,40634,Jaipur,Debit Card,2024,10,October,4
13141,2023-03-03,1328,Tablet,Electronics,20317,1,20317,Jaipur,Debit Card,2023,3,March,1
11963,2023-11-01,1167,Tablet,Electronics,20315,3,60945,Jaipur,UPI,2023,11,November,4
10487,2024-03-17,1584,Tablet,Electronics,20311,2,40622,Shimla,Credit Card,2024,3,March,1
13977,2024-05-26,1110,Tablet,Electronics,20310,1,20310,Chandigarh,UPI,2024,5,May,2
10469,2023-04-04,1179,Tablet,Electronics,20307,1,20307,Bangalore,UPI,2023,4,April,2
14299,2024-04-18,1821,Tablet,Electronics,20307,2,40614,Chandigarh,Debit Card,2024,4,April,2
13942,2023-11-07,1910,Tablet,Electronics,20305,1,20305,Mumbai,Cash on Delivery,2023,11,November,4
10509,2023-02-12,1437,Tablet,Electronics,20305,3,60915,Jaipur,UPI,2023,2,February,1
12173,2024-09-28,1086,Tablet,Electronics,20300,3,60900,Bangalore,Cash on Delivery,2024,9,September,3
13650,2024-04-10,1731,Tablet,Electronics,20296,2,40592,Shimla,Credit Card,2024,4,April,2
14333,2024-12-19,1655,Tablet,Electronics,20296,4,81184,Chandigarh,UPI,2024,12,December,4
13025,2024-02-21,1282,Tablet,Electronics,20295,3,60885,Delhi,UPI,2024,2,February,1
10305,2023-06-10,1062,Tablet,Electronics,20295,4,81180,Mumbai,Cash on Delivery,2023,6,June,2
10006,2024-12-01,1855,Tablet,Electronics,20293,1,20293,Delhi,UPI,2024,12,December,4
12287,2024-10-17,1502,Tablet,Electronics,20293,4,81172,Delhi,Cash on Delivery,2024,10,October,4
13708,2024-12-13,1485,Tablet,Electronics,20291,2,40582,Shimla,UPI,2024,12,December,4
12361,2023-06-13,1693,Tablet,Electronics,20290,3,60870,Bangalore,UPI,2023,6,June,2
10422,2023-04-13,1377,Tablet,Electronics,20290,2,40580,Mumbai,UPI,2023,4,April,2
14409,2023-10-26,1519,Tablet,Electronics,20289,3,60867,Jaipur,UPI,2023,10,October,4
10850,2023-09-06,1891,Tablet,Electronics,20282,3,60846,Shimla,Credit Card,2023,9,September,3
14703,2023-09-07,1944,Tablet,Electronics,20279,2,40558,Jaipur,Cash on Delivery,2023,9,September,3
13798,2023-05-14,1226,Tablet,Electronics,20279,2,40558,Mumbai,Cash on Delivery,2023,5,May,2
14100,2024-01-26,1743,Tablet,Electronics,20278,4,81112,Chandigarh,UPI,2024,1,January,1
13646,2023-09-17,1546,Tablet,Electronics,20275,1,20275,Jaipur,Debit Card,2023,9,September,3
10770,2024-11-04,1280,Tablet,Electronics,20275,1,20275,Bangalore,Debit Card,2024,11,November,4
14682,2024-07-25,1172,Tablet,Electronics,20275,3,60825,Delhi,Debit Card,2024,7,July,3
10057,2024-07-18,1270,Tablet,Electronics,20270,3,60810,Mumbai,Credit Card,2024,7,July,3
11175,2023-06-05,1555,Tablet,Electronics,20269,3,60807,Delhi,Debit Card,2023,6,June,2
12560,2024-08-12,1847,Tablet,Electronics,20266,4,81064,Shimla,UPI,2024,8,August,3
12014,2023-05-09,1072,Tablet,Electronics,20265,1,20265,Delhi,Cash on Delivery,2023,5,May,2
10319,2024-01-10,1292,Tablet,Electronics,20265,1,20265,Chandigarh,Debit Card,2024,1,January,1
10093,2023-07-07,1829,Tablet,Electronics,20262,3,60786,Bangalore,Credit Card,2023,7,July,3
10743,2024-12-09,1758,Tablet,Electronics,20261,1,20261,Delhi,UPI,2024,12,December,4
13718,2023-12-21,1689,Tablet,Electronics,20258,3,60774,Delhi,UPI,2023,12,December,4
13095,2024-09-05,1832,Tablet,Electronics,20256,3,60768,Shimla,UPI,2024,9,September,3
14925,2024-03-13,1487,Tablet,Electronics,20256,4,81024,Delhi,Debit Card,2024,3,March,1
12802,2024-08-18,1928,Tablet,Electronics,20256,1,20256,Chandigarh,Credit Card,2024,8,August,3
11023,2024-12-25,1970,Tablet,Electronics,20253,4,81012,Bangalore,Cash on Delivery,2024,12,December,4
13579,2024-08-06,1528,Tablet,Electronics,20253,1,20253,Chandigarh,Debit Card,2024,8,August,3
13424,2023-03-10,1192,Tablet,Electronics,20250,2,40500,Shimla,Cash on Delivery,2023,3,March,1
14974,2023-12-24,1282,Tablet,Electronics,20248,1,20248,Bangalore,Cash on Delivery,2023,12,December,4
14335,2023-03-14,1139,Tablet,Electronics,20241,4,80964,Chandigarh,Credit Card,2023,3,March,1
13812,2024-10-08,1267,Tablet,Electronics,20235,3,60705,Mumbai,Cash on Delivery,2024,10,October,4
11932,2023-06-12,1747,Tablet,Electronics,20230,4,80920,Mumbai,UPI,2023,6,June,2
12371,2023-04-27,1657,Tablet,Electronics,20229,3,60687,Jaipur,Credit Card,2023,4,April,2
14266,2024-03-27,1594,Tablet,Electronics,20227,1,20227,Delhi,Debit Card,2024,3,March,1
10506,2024-07-30,1959,Tablet,Electronics,20226,4,80904,Shimla,Cash on Delivery,2024,7,July,3
13226,2024-02-08,1589,Tablet,Electronics,20223,1,20223,Shimla,UPI,2024,2,February,1
14611,2024-03-26,1185,Tablet,Electronics,20218,2,40436,Shimla,UPI,2024,3,March,1
11362,2024-07-01,1115,Tablet,Electronics,20217,3,60651,Jaipur,Debit Card,2024,7,July,3
13208,2024-01-15,1523,Tablet,Electronics,20215,1,20215,Delhi,Cash on Delivery,2024,1,January,1
14903,2023-04-03,1152,Tablet,Electronics,20214,1,20214,Mumbai,Cash on Delivery,2023,4,April,2
13723,2023-08-24,1213,Tablet,Electronics,20214,4,80856,Chandigarh,Credit Card,2023,8,August,3
10630,2024-02-19,1354,Tablet,Electronics,20214,3,60642,Jaipur,Credit Card,2024,2,February,1
10353,2024-05-11,1446,Tablet,Electronics,20202,3,60606,Chandigarh,Debit Card,2024,5,May,2
14805,2023-09-21,1632,Tablet,Electronics,20201,2,40402,Bangalore,Debit Card,2023,9,September,3
14462,2024-06-13,1580,Tablet,Electronics,20197,2,40394,Mumbai,Cash on Delivery,2024,6,June,2
12795,2024-09-03,1397,Tablet,Electronics,20196,1,20196,Mumbai,Credit Card,2024,9,September,3
13471,2024-11-15,1079,Tablet,Electronics,20189,4,80756,Delhi,UPI,2024,11,November,4
13541,2023-02-26,1574,Tablet,Electronics,20189,4,80756,Mumbai,Credit Card,2023,2,February,1
12297,2023-12-30,1984,Tablet,Electronics,20187,1,20187,Chandigarh,Credit Card,2023,12,December,4
14095,2024-07-19,1548,Tablet,Electronics,20184,4,80736,Jaipur,UPI,2024,7,July,3
12553,2023-08-11,1184,Tablet,Electronics,20182,4,80728,Chandigarh,Cash on Delivery,2023,8,August,3
10967,2024-03-10,1162,Tablet,Electronics,20177,2,40354,Delhi,UPI,2024,3,March,1
11066,2024-02-24,1753,Tablet,Electronics,20176,3,60528,Shimla,Cash on Delivery,2024,2,February,1
11104,2024-12-12,1523,Tablet,Electronics,20163,2,40326,Bangalore,Debit Card,2024,12,December,4
12193,2024-08-03,1371,Tablet,Electronics,20161,1,20161,Chandigarh,UPI,2024,8,August,3
12240,2023-12-19,1780,Tablet,Electronics,20160,2,40320,Shimla,Credit Card,2023,12,December,4
13675,2024-07-30,1134,Tablet,Electronics,20157,1,20157,Mumbai,Debit Card,2024,7,July,3
12931,2024-11-09,1131,Tablet,Electronics,20155,2,40310,Chandigarh,UPI,2024,11,November,4
11641,2024-10-28,1556,Tablet,Electronics,20153,2,40306,Delhi,UPI,2024,10,October,4
13507,2024-11-17,1435,Tablet,Electronics,20151,4,80604,Jaipur,Debit Card,2024,11,November,4
14347,2023-03-06,1073,Tablet,Electronics,20151,2,40302,Shimla,UPI,2023,3,March,1
14663,2023-04-26,1459,Tablet,Electronics,20146,4,80584,Mumbai,Debit Card,2023,4,April,2
11290,2023-07-28,1857,Tablet,Electronics,20146,2,40292,Shimla,Debit Card,2023,7,July,3
13061,2023-08-15,1621,Tablet,Electronics,20145,2,40290,Delhi,UPI,2023,8,August,3
13323,2023-08-11,1743,Tablet,Electronics,20142,4,80568,Shimla,Debit Card,2023,8,August,3
12589,2024-12-25,1269,Tablet,Electronics,20141,4,80564,Mumbai,Debit Card,2024,12,December,4
12867,2024-08-15,1618,Tablet,Electronics,20138,3,60414,Delhi,Debit Card,2024,8,August,3
12266,2023-04-26,1973,Tablet,Electronics,20133,1,20133,Bangalore,Debit Card,2023,4,April,2
13400,2023-09-19,1116,Tablet,Electronics,20132,1,20132,Chandigarh,Debit Card,2023,9,September,3
13256,2024-08-06,1847,Tablet,Electronics,20132,2,40264,Chandigarh,Credit Card,2024,8,August,3
14133,2023-09-29,1872,Tablet,Electronics,20131,2,40262,Jaipur,Credit Card,2023,9,September,3
13761,2024-07-18,1868,Tablet,Electronics,20127,2,40254,Shimla,Debit Card,2024,7,July,3
13552,2024-08-01,1966,Tablet,Electronics,20126,3,60378,Bangalore,UPI,2024,8,August,3
11395,2024-09-04,1962,Tablet,Electronics,20120,4,80480,Jaipur,UPI,2024,9,September,3
13272,2024-03-06,1509,Tablet,Electronics,20120,2,40240,Jaipur,Debit Card,2024,3,March,1
12985,2023-06-11,1421,Tablet,Electronics,20119,2,40238,Bangalore,UPI,2023,6,June,2
12244,2024-07-14,1078,Tablet,Electronics,20118,3,60354,Mumbai,Debit Card,2024,7,July,3
12021,2023-06-24,1790,Tablet,Electronics,20118,4,80472,Chandigarh,Cash on Delivery,2023,6,June,2
12759,2024-12-10,1560,Tablet,Electronics,20117,4,80468,Jaipur,Cash on Delivery,2024,12,December,4
10539,2023-07-11,1404,Tablet,Electronics,20115,3,60345,Shimla,Debit Card,2023,7,July,3
12043,2024-08-24,1664,Tablet,Electronics,20113,4,80452,Delhi,Cash on Delivery,2024,8,August,3
10248,2024-02-07,1738,Tablet,Electronics,20112,1,20112,Chandigarh,Debit Card,2024,2,February,1
11603,2023-06-17,1196,Tablet,Electronics,20107,2,40214,Shimla,Credit Card,2023,6,June,2
12425,2023-05-04,1981,Tablet,Electronics,20106,4,80424,Shimla,Credit Card,2023,5,May,2
13908,2023-10-29,1667,Tablet,Electronics,20105,1,20105,Jaipur,Credit Card,2023,10,October,4
14318,2023-08-07,1864,Tablet,Electronics,20102,4,80408,Mumbai,Debit Card,2023,8,August,3
12450,2024-10-22,1272,Tablet,Electronics,20101,2,40202,Shimla,Cash on Delivery,2024,10,October,4
13871,2024-02-16,1334,Tablet,Electronics,20101,4,80404,Chandigarh,UPI,2024,2,February,1
14634,2024-08-20,1500,Tablet,Electronics,20097,2,40194,Bangalore,Cash on Delivery,2024,8,August,3
11933,2023-08-17,1871,Tablet,Electronics,20092,3,60276,Bangalore,Debit Card,2023,8,August,3
10304,2024-11-11,1449,Tablet,Electronics,20089,1,20089,Shimla,Cash on Delivery,2024,11,November,4
13546,2023-09-21,1836,Tablet,Electronics,20086,4,80344,Delhi,Cash on Delivery,2023,9,September,3
14149,2023-06-02,1124,Tablet,Electronics,20085,4,80340,Delhi,Cash on Delivery,2023,6,June,2
14601,2023-09-02,1657,Tablet,Electronics,20085,2,40170,Jaipur,Cash on Delivery,2023,9,September,3
11962,2023-06-14,1190,Tablet,Electronics,20083,3,60249,Chandigarh,Debit Card,2023,6,June,2
10917,2023-02-03,1652,Tablet,Electronics,20081,3,60243,Jaipur,Debit Card,2023,2,February,1
11413,2024-06-20,1243,Tablet,Electronics,20081,4,80324,Jaipur,Credit Card,2024,6,June,2
11368,2023-12-31,1006,Tablet,Electronics,20078,1,20078,Jaipur,Cash on Delivery,2023,12,December,4
12226,2023-10-29,1701,Tablet,Electronics,20077,1,20077,Chandigarh,UPI,2023,10,October,4
12042,2023-12-27,1129,Tablet,Electronics,20076,4,80304,Shimla,Debit Card,2023,12,December,4
13522,2023-10-14,1200,Tablet,Electronics,20075,3,60225,Chandigarh,Debit Card,2023,10,October,4
14546,2023-09-04,1166,Tablet,Electronics,20075,1,20075,Shimla,UPI,2023,9,September,3
12782,2023-12-15,1160,Tablet,Electronics,20074,3,60222,Chandigarh,UPI,2023,12,December,4
12204,2024-10-16,1094,Tablet,Electronics,20073,4,80292,Bangalore,Debit Card,2024,10,October,4
10108,2024-08-15,1550,Tablet,Electronics,20071,4,80284,Shimla,UPI,2024,8,August,3
10061,2024-03-30,1678,Tablet,Electronics,20071,2,40142,Shimla,UPI,2024,3,March,1
10388,2024-05-20,1834,Tablet,Electronics,20070,3,60210,Delhi,UPI,2024,5,May,2
12928,2023-04-07,1084,Tablet,Electronics,20068,2,40136,Mumbai,Credit Card,2023,4,April,2
12029,2023-05-25,1205,Tablet,Electronics,20065,4,80260,Delhi,Credit Card,2023,5,May,2
11734,2024-08-06,1849,Tablet,Electronics,20064,3,60192,Shimla,Credit Card,2024,8,August,3
10060,2024-01-02,1502,Tablet,Electronics,20063,2,40126,Shimla,Credit Card,2024,1,January,1
11831,2023-11-14,1224,Tablet,Electronics,20060,1,20060,Bangalore,Cash on Delivery,2023,11,November,4
13168,2023-11-28,1852,Tablet,Electronics,20059,4,80236,Jaipur,UPI,2023,11,November,4
14499,2024-06-18,1353,Tablet,Electronics,20058,4,80232,Chandigarh,Credit Card,2024,6,June,2
10359,2023-04-26,1899,Tablet,Electronics,20058,1,20058,Shimla,UPI,2023,4,April,2
11740,2024-06-03,1830,Tablet,Electronics,20050,1,20050,Delhi,UPI,2024,6,June,2
11533,2023-08-06,1422,Tablet,Electronics,20049,2,40098,Shimla,Credit Card,2023,8,August,3
14864,2024-09-13,1648,Tablet,Electronics,20048,3,60144,Mumbai,UPI,2024,9,September,3
10779,2024-09-15,1717,Tablet,Electronics,20045,3,60135,Bangalore,Cash on Delivery,2024,9,September,3
13637,2023-06-09,1037,Tablet,Electronics,20040,4,80160,Chandigarh,Cash on Delivery,2023,6,June,2
13959,2024-04-22,1028,Tablet,Electronics,20039,2,40078,Delhi,Cash on Delivery,2024,4,April,2
11103,2023-05-14,1526,Tablet,Electronics,20032,1,20032,Jaipur,UPI,2023,5,May,2
11504,2024-08-07,1256,Tablet,Electronics,20025,2,40050,Jaipur,Cash on Delivery,2024,8,August,3
10798,2023-12-01,1404,Tablet,Electronics,20024,3,60072,Shimla,Credit Card,2023,12,December,4
10282,2024-02-08,1423,Tablet,Electronics,20023,1,20023,Mumbai,Credit Card,2024,2,February,1
14619,2024-06-20,1651,Tablet,Electronics,20021,1,20021,Shimla,Debit Card,2024,6,June,2
10676,2023-02-16,1975,Tablet,Electronics,20020,3,60060,Chandigarh,Credit Card,2023,2,February,1
13716,2024-06-23,1077,Tablet,Electronics,20020,3,60060,Mumbai,Cash on Delivery,2024,6,June,2
12619,2024-06-17,1283,Tablet,Electronics,20019,3,60057,Delhi,Debit Card,2024,6,June,2
12834,2024-02-03,1807,Tablet,Electronics,20019,1,20019,Delhi,Cash on Delivery,2024,2,February,1
10940,2023-12-16,1387,Tablet,Electronics,20017,2,40034,Delhi,Cash on Delivery,2023,12,December,4
14981,2023-10-23,1828,Tablet,Electronics,20015,1,20015,Delhi,Debit Card,2023,10,October,4
11800,2024-12-14,1539,Tablet,Electronics,20015,3,60045,Delhi,UPI,2024,12,December,4
10813,2023-07-24,1330,Tablet,Electronics,20008,3,60024,Chandigarh,Credit Card,2023,7,July,3
14540,2024-07-11,1701,Tablet,Electronics,20005,1,20005,Jaipur,Credit Card,2024,7,July,3
14381,2024-05-21,1719,Tablet,Electronics,20002,2,40004,Bangalore,Cash on Delivery,2024,5,May,2
12215,2023-11-16,1334,Tablet,Electronics,20001,2,40002,Jaipur,Credit Card,2023,11,November,4
11365,2023-09-01,1074,Tablet,Electronics,20000,2,40000,Jaipur,UPI,2023,9,September,3
10049,2023-06-16,1687,Tablet,Electronics,20000,4,80000,Bangalore,UPI,2023,6,June,2
13705,2024-03-27,1673,Tablet,Electronics,19997,3,59991,Delhi,Debit Card,2024,3,March,1
10002,2024-03-11,1337,Tablet,Electronics,19994,3,59982,Shimla,UPI,2024,3,March,1
10858,2023-02-17,1464,Tablet,Electronics,19991,4,79964,Chandigarh,UPI,2023,2,February,1
14736,2024-06-11,1404,Tablet,Electronics,19987,1,19987,Shimla,Debit Card,2024,6,June,2
10387,2024-06-08,1210,Tablet,Electronics,19986,4,79944,Shimla,Debit Card,2024,6,June,2
10786,2023-04-13,1936,Tablet,Electronics,19982,3,59946,Jaipur,Cash on Delivery,2023,4,April,2
10252,2023-05-28,1264,Tablet,Electronics,19981,1,19981,Delhi,UPI,2023,5,May,2
12175,2024-08-06,1122,Tablet,Electronics,19973,4,79892,Mumbai,UPI,2024,8,August,3
14714,2024-12-04,1882,Tablet,Electronics,19973,1,19973,Shimla,Cash on Delivery,2024,12,December,4
11116,2024-11-13,1657,Tablet,Electronics,19968,2,39936,Delhi,Debit Card,2024,11,November,4
13259,2023-09-25,1280,Tablet,Electronics,19967,3,59901,Shimla,UPI,2023,9,September,3
11729,2024-06-07,1536,Tablet,Electronics,19966,1,19966,Shimla,Credit Card,2024,6,June,2
13506,2024-08-26,1979,Tablet,Electronics,19965,4,79860,Jaipur,Debit Card,2024,8,August,3
12863,2024-05-04,1773,Tablet,Electronics,19964,1,19964,Delhi,Cash on Delivery,2024,5,May,2
12206,2024-03-30,1891,Tablet,Electronics,19963,4,79852,Chandigarh,Debit Card,2024,3,March,1
10987,2023-09-16,1015,Tablet,Electronics,19963,1,19963,Delhi,Debit Card,2023,9,September,3
12697,2023-05-12,1734,Tablet,Electronics,19961,3,59883,Jaipur,Cash on Delivery,2023,5,May,2
10578,2023-01-25,1981,Tablet,Electronics,19961,1,19961,Jaipur,Credit Card,2023,1,January,1
12379,2023-05-08,1707,Tablet,Electronics,19950,2,39900,Jaipur,Cash on Delivery,2023,5,May,2
10819,2023-04-05,1186,Tablet,Electronics,19947,3,59841,Mumbai,Debit Card,2023,4,April,2
11061,2024-09-14,1719,Tablet,Electronics,19946,3,59838,Shimla,UPI,2024,9,September,3
12069,2023-12-31,1383,Tablet,Electronics,19945,4,79780,Jaipur,Credit Card,2023,12,December,4
13670,2023-11-21,1067,Tablet,Electronics,19943,2,39886,Bangalore,Debit Card,2023,11,November,4
13410,2023-02-04,1296,Tablet,Electronics,19942,4,79768,Jaipur,Credit Card,2023,2,February,1
11567,2023-06-19,1890,Tablet,Electronics,19940,1,19940,Bangalore,Debit Card,2023,6,June,2
11513,2023-11-15,1043,Tablet,Electronics,19938,4,79752,Jaipur,Cash on Delivery,2023,11,November,4
13539,2024-11-26,1942,Tablet,Electronics,19936,4,79744,Shimla,UPI,2024,11,November,4
14840,2023-08-23,1103,Tablet,Electronics,19936,3,59808,Jaipur,Credit Card,2023,8,August,3
11152,2024-06-20,1660,Tablet,Electronics,19933,2,39866,Bangalore,Credit Card,2024,6,June,2
11077,2024-05-31,1423,Tablet,Electronics,19931,1,19931,Delhi,Debit Card,2024,5,May,2
11205,2023-01-18,1644,Tablet,Electronics,19929,3,59787,Jaipur,Credit Card,2023,1,January,1
11396,2023-02-13,1719,Tablet,Electronics,19927,4,79708,Delhi,Debit Card,2023,2,February,1
12332,2023-09-01,1215,Tablet,Electronics,19925,2,39850,Chandigarh,Credit Card,2023,9,September,3
10490,2024-05-30,1513,Tablet,Electronics,19919,3,59757,Mumbai,Debit Card,2024,5,May,2
10425,2023-02-16,1851,Tablet,Electronics,19918,3,59754,Bangalore,UPI,2023,2,February,1
14461,2023-04-02,1621,Tablet,Electronics,19918,4,79672,Mumbai,UPI,2023,4,April,2
10546,2023-07-09,1007,Tablet,Electronics,19917,3,59751,Bangalore,Debit Card,2023,7,July,3
12475,2024-06-29,1320,Tablet,Electronics,19916,2,39832,Jaipur,UPI,2024,6,June,2
13499,2024-12-15,1551,Tablet,Electronics,19900,1,19900,Mumbai,Debit Card,2024,12,December,4
13963,2024-03-02,1869,Tablet,Electronics,19899,2,39798,Shimla,Cash on Delivery,2024,3,March,1
11415,2023-03-30,1421,Tablet,Electronics,19895,2,39790,Shimla,Credit Card,2023,3,March,1
10113,2024-01-14,1186,Tablet,Electronics,19894,3,59682,Delhi,Debit Card,2024,1,January,1
14403,2024-04-24,1886,Tablet,Electronics,19892,1,19892,Shimla,Debit Card,2024,4,April,2
10580,2024-04-28,1816,Tablet,Electronics,19891,4,79564,Mumbai,Debit Card,2024,4,April,2
11589,2023-08-12,1678,Tablet,Electronics,19883,3,59649,Jaipur,Credit Card,2023,8,August,3
12827,2024-03-16,1595,Tablet,Electronics,19881,1,19881,Bangalore,Debit Card,2024,3,March,1
14859,2024-10-26,1765,Tablet,Electronics,19879,4,79516,Delhi,Credit Card,2024,10,October,4
10537,2024-01-29,1693,Tablet,Electronics,19872,2,39744,Mumbai,Credit Card,2024,1,January,1
12930,2023-08-15,1120,Tablet,Electronics,19871,4,79484,Jaipur,Debit Card,2023,8,August,3
13576,2023-12-24,1722,Tablet,Electronics,19867,1,19867,Mumbai,UPI,2023,12,December,4
13571,2024-06-18,1013,Tablet,Electronics,19860,1,19860,Shimla,Credit Card,2024,6,June,2
10713,2023-09-10,1201,Tablet,Electronics,19859,3,59577,Bangalore,Cash on Delivery,2023,9,September,3
12088,2023-09-24,1984,Tablet,Electronics,19856,4,79424,Shimla,Debit Card,2023,9,September,3
11534,2024-05-20,1904,Tablet,Electronics,19856,2,39712,Delhi,Cash on Delivery,2024,5,May,2
13728,2023-04-10,1508,Tablet,Electronics,19855,1,19855,Chandigarh,Debit Card,2023,4,April,2
11382,2023-02-11,1537,Tablet,Electronics,19854,3,59562,Chandigarh,Debit Card,2023,2,February,1
13713,2023-04-11,1417,Tablet,Electronics,19853,4,79412,Jaipur,Debit Card,2023,4,April,2
10205,2024-01-21,1757,Tablet,Electronics,19852,4,79408,Shimla,UPI,2024,1,January,1
10806,2024-02-05,1575,Tablet,Electronics,19842,1,19842,Delhi,UPI,2024,2,February,1
10570,2024-01-19,1268,Tablet,Electronics,19841,4,79364,Bangalore,Credit Card,2024,1,January,1
14366,2023-03-24,1920,Tablet,Electronics,19838,2,39676,Mumbai,Credit Card,2023,3,March,1
13775,2023-01-17,1140,Tablet,Electronics,19836,1,19836,Mumbai,Credit Card,2023,1,January,1
10640,2023-06-22,1462,Tablet,Electronics,19833,1,19833,Delhi,Cash on Delivery,2023,6,June,2
11990,2024-11-23,1094,Tablet,Electronics,19828,1,19828,Jaipur,Credit Card,2024,11,November,4
12769,2024-07-26,1859,Tablet,Electronics,19819,1,19819,Jaipur,Credit Card,2024,7,July,3
14933,2024-12-21,1530,Tablet,Electronics,19815,1,19815,Shimla,Credit Card,2024,12,December,4
10162,2024-07-27,1382,Tablet,Electronics,19810,1,19810,Shimla,Credit Card,2024,7,July,3
11827,2023-09-21,1490,Tablet,Electronics,19809,3,59427,Shimla,UPI,2023,9,September,3
10521,2024-08-27,1246,Tablet,Electronics,19808,1,19808,Mumbai,UPI,2024,8,August,3
11206,2024-08-12,1200,Tablet,Electronics,19807,1,19807,Chandigarh,Debit Card,2024,8,August,3
12458,2024-05-07,1277,Tablet,Electronics,19805,3,59415,Delhi,Debit Card,2024,5,May,2
11854,2023-05-27,1244,Tablet,Electronics,19804,2,39608,Bangalore,UPI,2023,5,May,2
11093,2024-02-15,1635,Tablet,Electronics,19802,2,39604,Chandigarh,Credit Card,2024,2,February,1
14891,2024-07-24,1310,Tablet,Electronics,19799,3,59397,Jaipur,UPI,2024,7,July,3
12341,2023-06-07,1160,Tablet,Electronics,19795,2,39590,Delhi,UPI,2023,6,June,2
10269,2023-01-02,1701,Tablet,Electronics,19791,2,39582,Delhi,Credit Card,2023,1,January,1
11062,2024-10-30,1236,Tablet,Electronics,19789,2,39578,Jaipur,Cash on Delivery,2024,10,October,4
11076,2024-06-05,1011,Tablet,Electronics,19789,1,19789,Chandigarh,UPI,2024,6,June,2
11934,2023-09-18,1438,Tablet,Electronics,19788,3,59364,Shimla,Cash on Delivery,2023,9,September,3
14568,2023-08-22,1281,Tablet,Electronics,19786,1,19786,Mumbai,Debit Card,2023,8,August,3
12198,2023-08-14,1269,Tablet,Electronics,19785,3,59355,Mumbai,UPI,2023,8,August,3
14846,2023-05-05,1211,Tablet,Electronics,19772,3,59316,Delhi,Credit Card,2023,5,May,2
12191,2024-03-14,1223,Tablet,Electronics,19771,2,39542,Mumbai,Cash on Delivery,2024,3,March,1
13016,2024-12-28,1017,Tablet,Electronics,19768,2,39536,Chandigarh,Cash on Delivery,2024,12,December,4
11006,2024-08-03,1224,Tablet,Electronics,19764,4,79056,Jaipur,Cash on Delivery,2024,8,August,3
14473,2024-07-26,1996,Tablet,Electronics,19757,3,59271,Delhi,Debit Card,2024,7,July,3
14247,2023-10-10,1275,Tablet,Electronics,19755,4,79020,Jaipur,Debit Card,2023,10,October,4
11924,2023-01-14,1498,Tablet,Electronics,19752,4,79008,Bangalore,Cash on Delivery,2023,1,January,1
10628,2023-03-11,1049,Tablet,Electronics,19749,2,39498,Chandigarh,Debit Card,2023,3,March,1
10831,2024-09-25,1699,Tablet,Electronics,19749,1,19749,Jaipur,Cash on Delivery,2024,9,September,3
14948,2023-03-14,1858,Tablet,Electronics,19746,4,78984,Delhi,Credit Card,2023,3,March,1
12569,2024-11-06,1078,Tablet,Electronics,19744,1,19744,Chandigarh,Debit Card,2024,11,November,4
10494,2024-05-11,1818,Tablet,Electronics,19739,3,59217,Shimla,UPI,2024,5,May,2
13610,2023-01-27,1826,Tablet,Electronics,19738,1,19738,Delhi,Credit Card,2023,1,January,1
10632,2023-07-01,1163,Tablet,Electronics,19738,1,19738,Jaipur,Debit Card,2023,7,July,3
12489,2023-01-17,1987,Tablet,Electronics,19737,3,59211,Chandigarh,Credit Card,2023,1,January,1
11956,2024-07-29,1755,Tablet,Electronics,19736,4,78944,Chandigarh,UPI,2024,7,July,3
10079,2023-07-21,1210,Tablet,Electronics,19736,4,78944,Mumbai,Credit Card,2023,7,July,3
11613,2023-06-19,1966,Tablet,Electronics,19734,4,78936,Mumbai,Credit Card,2023,6,June,2
10073,2024-04-21,1719,Tablet,Electronics,19733,3,59199,Delhi,Debit Card,2024,4,April,2
14742,2024-01-21,1355,Tablet,Electronics,19729,1,19729,Chandigarh,Debit Card,2024,1,January,1
13432,2024-07-07,1048,Tablet,Electronics,19729,1,19729,Delhi,Credit Card,2024,7,July,3
11238,2024-08-26,1962,Tablet,Electronics,19728,3,59184,Mumbai,Cash on Delivery,2024,8,August,3
11091,2024-11-15,1320,Tablet,Electronics,19726,1,19726,Bangalore,Credit Card,2024,11,November,4
14973,2023-02-19,1983,Tablet,Electronics,19722,2,39444,Shimla,UPI,2023,2,February,1
13221,2023-02-18,1614,Tablet,Electronics,19719,2,39438,Chandigarh,UPI,2023,2,February,1
11631,2023-03-23,1066,Tablet,Electronics,19718,3,59154,Chandigarh,Credit Card,2023,3,March,1
13782,2023-07-07,1354,Tablet,Electronics,19716,1,19716,Jaipur,UPI,2023,7,July,3
10504,2024-09-04,1967,Tablet,Electronics,19715,3,59145,Chandigarh,Debit Card,2024,9,September,3
12129,2023-10-18,1898,Tablet,Electronics,19714,1,19714,Mumbai,Credit Card,2023,10,October,4
13524,2023-04-24,1508,Tablet,Electronics,19713,3,59139,Chandigarh,Debit Card,2023,4,April,2
11317,2023-06-02,1426,Tablet,Electronics,19708,1,19708,Shimla,Cash on Delivery,2023,6,June,2
10280,2023-07-27,1724,Tablet,Electronics,19703,2,39406,Jaipur,UPI,2023,7,July,3
14830,2024-05-15,1696,Tablet,Electronics,19701,1,19701,Bangalore,Cash on Delivery,2024,5,May,2
12582,2024-02-06,1286,Tablet,Electronics,19698,3,59094,Shimla,Credit Card,2024,2,February,1
14649,2023-02-26,1130,Tablet,Electronics,19698,2,39396,Shimla,UPI,2023,2,February,1
13088,2024-06-25,1861,Tablet,Electronics,19698,4,78792,Shimla,Credit Card,2024,6,June,2
12349,2023-03-14,1317,Tablet,Electronics,19693,3,59079,Jaipur,Debit Card,2023,3,March,1
12277,2024-09-09,1484,Tablet,Electronics,19692,1,19692,Jaipur,Credit Card,2024,9,September,3
11311,2023-02-11,1665,Tablet,Electronics,19692,3,59076,Jaipur,Credit Card,2023,2,February,1
13232,2023-12-29,1544,Tablet,Electronics,19688,4,78752,Chandigarh,Debit Card,2023,12,December,4
10572,2024-05-20,1414,Tablet,Electronics,19682,4,78728,Bangalore,Debit Card,2024,5,May,2
12574,2023-06-09,1608,Tablet,Electronics,19681,4,78724,Mumbai,UPI,2023,6,June,2
11785,2023-08-02,1036,Tablet,Electronics,19680,3,59040,Bangalore,Debit Card,2023,8,August,3
13587,2023-12-24,1334,Tablet,Electronics,19680,3,59040,Jaipur,Credit Card,2023,12,December,4
11909,2024-06-03,1944,Tablet,Electronics,19680,1,19680,Shimla,Cash on Delivery,2024,6,June,2
13659,2024-08-13,1193,Tablet,Electronics,19679,4,78716,Jaipur,UPI,2024,8,August,3
11426,2023-03-27,1649,Tablet,Electronics,19675,2,39350,Delhi,Credit Card,2023,3,March,1
11741,2024-08-13,1587,Tablet,Electronics,19667,4,78668,Shimla,UPI,2024,8,August,3
10238,2024-05-25,1691,Tablet,Electronics,19664,3,58992,Mumbai,Cash on Delivery,2024,5,May,2
13910,2023-01-03,1349,Tablet,Electronics,19663,1,19663,Shimla,UPI,2023,1,January,1
12911,2023-03-09,1168,Tablet,Electronics,19663,4,78652,Chandigarh,Debit Card,2023,3,March,1
11993,2023-09-08,1066,Tablet,Electronics,19662,2,39324,Bangalore,UPI,2023,9,September,3
10362,2023-06-10,1922,Tablet,Electronics,19657,2,39314,Bangalore,Credit Card,2023,6,June,2
13630,2023-03-15,1478,Tablet,Electronics,19656,1,19656,Jaipur,Cash on Delivery,2023,3,March,1
14250,2023-04-07,1675,Tablet,Electronics,19649,3,58947,Mumbai,UPI,2023,4,April,2
12713,2023-08-09,1246,Tablet,Electronics,19641,1,19641,Chandigarh,Debit Card,2023,8,August,3
14163,2023-01-01,1661,Tablet,Electronics,19641,4,78564,Mumbai,Debit Card,2023,1,January,1
11187,2023-12-26,1042,Tablet,Electronics,19637,4,78548,Mumbai,Credit Card,2023,12,December,4
11814,2023-04-16,1488,Tablet,Electronics,19637,4,78548,Shimla,Credit Card,2023,4,April,2
10839,2024-02-09,1922,Tablet,Electronics,19636,2,39272,Mumbai,Credit Card,2024,2,February,1
14419,2023-10-31,1233,Tablet,Electronics,19635,1,19635,Mumbai,UPI,2023,10,October,4
14127,2024-06-11,1220,Tablet,Electronics,19635,2,39270,Shimla,UPI,2024,6,June,2
12622,2023-08-01,1493,Tablet,Electronics,19633,2,39266,Shimla,Cash on Delivery,2023,8,August,3
13896,2023-05-02,1681,Tablet,Electronics,19633,2,39266,Mumbai,Credit Card,2023,5,May,2
11847,2023-01-12,1049,Tablet,Electronics,19632,1,19632,Chandigarh,Cash on Delivery,2023,1,January,1
10796,2023-06-15,1522,Tablet,Electronics,19632,2,39264,Bangalore,Credit Card,2023,6,June,2
13173,2024-06-10,1619,Tablet,Electronics,19631,3,58893,Mumbai,Cash on Delivery,2024,6,June,2
10306,2024-08-02,1103,Tablet,Electronics,19629,4,78516,Mumbai,Debit Card,2024,8,August,3
11496,2024-01-11,1221,Tablet,Electronics,19627,2,39254,Delhi,Credit Card,2024,1,January,1
11818,2024-09-26,1626,Tablet,Electronics,19625,1,19625,Jaipur,UPI,2024,9,September,3
10836,2024-08-26,1641,Tablet,Electronics,19624,3,58872,Mumbai,Cash on Delivery,2024,8,August,3
11239,2023-09-21,1192,Tablet,Electronics,19624,1,19624,Shimla,Credit Card,2023,9,September,3
10914,2023-08-16,1786,Tablet,Electronics,19620,4,78480,Delhi,Credit Card,2023,8,August,3
10624,2023-11-23,1380,Tablet,Electronics,19613,4,78452,Mumbai,Cash on Delivery,2023,11,November,4
14175,2023-05-21,1116,Tablet,Electronics,19610,3,58830,Mumbai,Cash on Delivery,2023,5,May,2
10054,2023-01-14,1912,Tablet,Electronics,19606,2,39212,Shimla,Cash on Delivery,2023,1,January,1
13123,2023-03-30,1593,Tablet,Electronics,19602,3,58806,Shimla,Debit Card,2023,3,March,1
12317,2024-03-24,1725,Tablet,Electronics,19600,3,58800,Mumbai,Debit Card,2024,3,March,1
13337,2024-09-25,1688,Tablet,Electronics,19594,4,78376,Mumbai,Debit Card,2024,9,September,3
12078,2023-03-17,1182,Tablet,Electronics,19590,1,19590,Shimla,Debit Card,2023,3,March,1
11329,2023-09-25,1231,Tablet,Electronics,19588,2,39176,Chandigarh,UPI,2023,9,September,3
11801,2023-08-30,1418,Tablet,Electronics,19587,2,39174,Chandigarh,Credit Card,2023,8,August,3
14910,2024-01-10,1397,Tablet,Electronics,19583,1,19583,Shimla,Credit Card,2024,1,January,1
13165,2023-12-09,1142,Tablet,Electronics,19582,4,78328,Jaipur,Credit Card,2023,12,December,4
14760,2023-03-03,1157,Tablet,Electronics,19581,4,78324,Jaipur,Debit Card,2023,3,March,1
10989,2024-11-20,1422,Tablet,Electronics,19580,1,19580,Shimla,UPI,2024,11,November,4
13002,2024-04-21,1562,Tablet,Electronics,19579,1,19579,Mumbai,Cash on Delivery,2024,4,April,2
14940,2023-02-14,1595,Tablet,Electronics,19569,2,39138,Delhi,Cash on Delivery,2023,2,February,1
14217,2024-12-16,1579,Tablet,Electronics,19568,2,39136,Jaipur,Credit Card,2024,12,December,4
12219,2024-07-07,1270,Tablet,Electronics,19567,2,39134,Jaipur,Cash on Delivery,2024,7,July,3
11572,2023-09-18,1604,Tablet,Electronics,19566,3,58698,Jaipur,Cash on Delivery,2023,9,September,3
13922,2023-02-19,1791,Tablet,Electronics,19565,1,19565,Mumbai,UPI,2023,2,February,1
12281,2023-02-24,1127,Tablet,Electronics,19561,1,19561,Mumbai,Cash on Delivery,2023,2,February,1
14681,2024-05-21,1292,Tablet,Electronics,19561,2,39122,Jaipur,UPI,2024,5,May,2
13628,2024-06-27,1583,Tablet,Electronics,19561,2,39122,Delhi,Cash on Delivery,2024,6,June,2
10450,2024-08-23,1111,Tablet,Electronics,19557,2,39114,Delhi,UPI,2024,8,August,3
10167,2023-12-06,1638,Tablet,Electronics,19554,3,58662,Bangalore,Credit Card,2023,12,December,4
12079,2024-12-11,1269,Tablet,Electronics,19552,2,39104,Jaipur,Debit Card,2024,12,December,4
12479,2023-08-15,1788,Tablet,Electronics,19551,1,19551,Shimla,UPI,2023,8,August,3
14440,2024-01-25,1536,Tablet,Electronics,19551,1,19551,Jaipur,Debit Card,2024,1,January,1
11690,2023-02-02,1529,Tablet,Electronics,19550,2,39100,Delhi,Cash on Delivery,2023,2,February,1
12520,2024-09-12,1651,Tablet,Electronics,19549,1,19549,Jaipur,Cash on Delivery,2024,9,September,3
12659,2024-05-29,1824,Tablet,Electronics,19549,2,39098,Bangalore,Cash on Delivery,2024,5,May,2
14725,2024-12-27,1436,Tablet,Electronics,19547,4,78188,Mumbai,UPI,2024,12,December,4
10384,2024-11-12,1959,Tablet,Electronics,19546,4,78184,Jaipur,UPI,2024,11,November,4
13734,2024-04-03,1268,Tablet,Electronics,19544,1,19544,Delhi,Credit Card,2024,4,April,2
11742,2023-01-27,1494,Tablet,Electronics,19541,3,58623,Jaipur,Cash on Delivery,2023,1,January,1
14048,2023-10-30,1746,Tablet,Electronics,19539,3,58617,Delhi,Credit Card,2023,10,October,4
12831,2024-06-02,1898,Tablet,Electronics,19536,3,58608,Mumbai,Credit Card,2024,6,June,2
11319,2024-08-10,1447,Tablet,Electronics,19533,1,19533,Chandigarh,Debit Card,2024,8,August,3
10009,2023-05-02,1470,Tablet,Electronics,19529,2,39058,Shimla,Credit Card,2023,5,May,2
11949,2023-12-27,1286,Tablet,Electronics,19529,4,78116,Shimla,UPI,2023,12,December,4
12063,2023-01-19,1955,Tablet,Electronics,19528,1,19528,Delhi,Cash on Delivery,2023,1,January,1
14302,2024-12-31,1784,Tablet,Electronics,19526,3,58578,Shimla,Credit Card,2024,12,December,4
10788,2024-12-04,1333,Tablet,Electronics,19521,4,78084,Mumbai,Cash on Delivery,2024,12,December,4
13155,2023-07-20,1654,Tablet,Electronics,19513,1,19513,Chandigarh,Debit Card,2023,7,July,3
12012,2023-01-08,1073,Tablet,Electronics,19505,3,58515,Delhi,Debit Card,2023,1,January,1
11099,2024-10-21,1568,Tablet,Electronics,19504,4,78016,Mumbai,UPI,2024,10,October,4
12462,2023-06-22,1914,Tablet,Electronics,19502,2,39004,Chandigarh,Debit Card,2023,6,June,2
11299,2023-08-23,1019,Tablet,Electronics,19502,4,78008,Chandigarh,Credit Card,2023,8,August,3
12529,2023-08-20,1500,Watch,Fashion,5499,2,10998,Delhi,Cash on Delivery,2023,8,August,3
14774,2023-07-26,1173,Watch,Fashion,5487,1,5487,Delhi,Cash on Delivery,2023,7,July,3
11738,2024-08-27,1369,Watch,Fashion,5487,3,16461,Jaipur,Cash on Delivery,2024,8,August,3
11583,2023-11-12,1084,Watch,Fashion,5486,3,16458,Delhi,Credit Card,2023,11,November,4
14938,2023-05-24,1612,Watch,Fashion,5485,2,10970,Mumbai,UPI,2023,5,May,2
12965,2024-04-30,1459,Watch,Fashion,5480,2,10960,Bangalore,Debit Card,2024,4,April,2
10958,2023-04-28,1617,Watch,Fashion,5478,2,10956,Chandigarh,UPI,2023,4,April,2
13136,2023-05-07,1015,Watch,Fashion,5476,1,5476,Delhi,Cash on Delivery,2023,5,May,2
10226,2024-12-10,1935,Watch,Fashion,5476,3,16428,Delhi,Cash on Delivery,2024,12,December,4
10602,2023-09-10,1383,Watch,Fashion,5470,2,10940,Mumbai,UPI,2023,9,September,3
14831,2024-08-20,1686,Watch,Fashion,5469,3,16407,Chandigarh,Credit Card,2024,8,August,3
12667,2024-02-09,1336,Watch,Fashion,5467,4,21868,Chandigarh,Debit Card,2024,2,February,1
14860,2023-10-03,1727,Watch,Fashion,5466,1,5466,Shimla,Debit Card,2023,10,October,4
12142,2024-04-03,1826,Watch,Fashion,5462,3,16386,Mumbai,UPI,2024,4,April,2
12044,2023-08-08,1012,Watch,Fashion,5462,3,16386,Jaipur,Cash on Delivery,2023,8,August,3
10341,2023-01-17,1251,Watch,Fashion,5459,3,16377,Bangalore,Credit Card,2023,1,January,1
12169,2024-06-04,1463,Watch,Fashion,5457,2,10914,Shimla,Debit Card,2024,6,June,2
13470,2023-09-24,1126,Watch,Fashion,5455,2,10910,Delhi,Debit Card,2023,9,September,3
13140,2024-04-21,1187,Watch,Fashion,5452,4,21808,Chandigarh,Debit Card,2024,4,April,2
10032,2024-07-14,1342,Watch,Fashion,5448,4,21792,Jaipur,UPI,2024,7,July,3
10832,2023-02-20,1332,Watch,Fashion,5448,2,10896,Shimla,Debit Card,2023,2,February,1
10846,2024-06-29,1886,Watch,Fashion,5444,1,5444,Chandigarh,UPI,2024,6,June,2
14734,2023-09-24,1760,Watch,Fashion,5444,3,16332,Bangalore,UPI,2023,9,September,3
11717,2023-01-21,1322,Watch,Fashion,5444,3,16332,Mumbai,Cash on Delivery,2023,1,January,1
11004,2024-08-28,1606,Watch,Fashion,5443,4,21772,Jaipur,Cash on Delivery,2024,8,August,3
10577,2024-01-31,1708,Watch,Fashion,5439,4,21756,Chandigarh,Credit Card,2024,1,January,1
12334,2023-01-12,1259,Watch,Fashion,5435,4,21740,Delhi,UPI,2023,1,January,1
12329,2023-12-08,1894,Watch,Fashion,5433,4,21732,Mumbai,Debit Card,2023,12,December,4
14069,2024-04-19,1199,Watch,Fashion,5431,4,21724,Delhi,Debit Card,2024,4,April,2
14073,2024-01-02,1447,Watch,Fashion,5430,1,5430,Delhi,UPI,2024,1,January,1
13781,2024-01-13,1240,Watch,Fashion,5428,1,5428,Delhi,Credit Card,2024,1,January,1
11813,2023-05-23,1920,Watch,Fashion,5426,2,10852,Jaipur,UPI,2023,5,May,2
11130,2024-12-26,1638,Watch,Fashion,5423,3,16269,Shimla,Cash on Delivery,2024,12,December,4
13060,2024-06-16,1401,Watch,Fashion,5422,2,10844,Shimla,Credit Card,2024,6,June,2
10937,2024-05-17,1147,Watch,Fashion,5422,1,5422,Jaipur,Debit Card,2024,5,May,2
13090,2024-08-18,1953,Watch,Fashion,5415,1,5415,Mumbai,UPI,2024,8,August,3
13949,2023-12-20,1575,Watch,Fashion,5414,4,21656,Mumbai,Cash on Delivery,2023,12,December,4
11302,2024-10-27,1751,Watch,Fashion,5410,4,21640,Bangalore,Debit Card,2024,10,October,4
11291,2024-06-09,1751,Watch,Fashion,5400,4,21600,Chandigarh,Credit Card,2024,6,June,2
13984,2024-07-20,1670,Watch,Fashion,5399,4,21596,Shimla,UPI,2024,7,July,3
11630,2024-07-04,1146,Watch,Fashion,5398,2,10796,Mumbai,Debit Card,2024,7,July,3
11665,2024-04-28,1490,Watch,Fashion,5397,3,16191,Delhi,Credit Card,2024,4,April,2
11697,2024-03-05,1314,Watch,Fashion,5394,2,10788,Bangalore,Credit Card,2024,3,March,1
14789,2024-11-05,1870,Watch,Fashion,5391,4,21564,Shimla,Cash on Delivery,2024,11,November,4
10129,2024-06-30,1607,Watch,Fashion,5386,4,21544,Delhi,Debit Card,2024,6,June,2
10675,2024-02-06,1312,Watch,Fashion,5383,1,5383,Bangalore,Credit Card,2024,2,February,1
11245,2023-04-30,1848,Watch,Fashion,5380,3,16140,Jaipur,UPI,2023,4,April,2
13356,2023-10-17,1113,Watch,Fashion,5375,2,10750,Jaipur,Debit Card,2023,10,October,4
10869,2024-09-30,1860,Watch,Fashion,5374,3,16122,Chandigarh,Debit Card,2024,9,September,3
14848,2023-12-05,1015,Watch,Fashion,5371,2,10742,Delhi,Cash on Delivery,2023,12,December,4
10436,2023-02-27,1249,Watch,Fashion,5369,2,10738,Jaipur,Cash on Delivery,2023,2,February,1
12649,2023-05-08,1040,Watch,Fashion,5367,3,16101,Shimla,Credit Card,2023,5,May,2
10755,2024-04-01,1112,Watch,Fashion,5367,1,5367,Delhi,Cash on Delivery,2024,4,April,2
12005,2023-10-21,1297,Watch,Fashion,5367,2,10734,Mumbai,UPI,2023,10,October,4
14450,2024-07-23,1444,Watch,Fashion,5366,3,16098,Shimla,Credit Card,2024,7,July,3
14788,2024-08-30,1001,Watch,Fashion,5365,1,5365,Shimla,Debit Card,2024,8,August,3
14178,2023-12-06,1477,Watch,Fashion,5363,2,10726,Shimla,Debit Card,2023,12,December,4
11659,2024-07-25,1407,Watch,Fashion,5363,3,16089,Delhi,UPI,2024,7,July,3
14811,2023-10-03,1736,Watch,Fashion,5363,4,21452,Jaipur,UPI,2023,10,October,4
13239,2024-07-24,1306,Watch,Fashion,5362,2,10724,Bangalore,UPI,2024,7,July,3
10854,2023-08-27,1554,Watch,Fashion,5360,1,5360,Chandigarh,Credit Card,2023,8,August,3
11068,2024-07-03,1282,Watch,Fashion,5353,3,16059,Mumbai,UPI,2024,7,July,3
13635,2024-07-17,1401,Watch,Fashion,5351,2,10702,Mumbai,Cash on Delivery,2024,7,July,3
13105,2023-11-23,1409,Watch,Fashion,5351,4,21404,Delhi,Debit Card,2023,11,November,4
11390,2024-03-10,1333,Watch,Fashion,5350,2,10700,Shimla,Cash on Delivery,2024,3,March,1
11514,2023-10-29,1711,Watch,Fashion,5345,2,10690,Shimla,Debit Card,2023,10,October,4
10680,2023-05-23,1229,Watch,Fashion,5345,2,10690,Mumbai,Debit Card,2023,5,May,2
13857,2023-12-28,1656,Watch,Fashion,5344,4,21376,Mumbai,UPI,2023,12,December,4
13457,2023-08-02,1803,Watch,Fashion,5344,3,16032,Mumbai,Debit Card,2023,8,August,3
10607,2023-06-17,1574,Watch,Fashion,5339,2,10678,Delhi,Cash on Delivery,2023,6,June,2
14059,2023-04-19,1216,Watch,Fashion,5335,3,16005,Jaipur,Cash on Delivery,2023,4,April,2
14956,2023-07-26,1591,Watch,Fashion,5334,1,5334,Jaipur,Debit Card,2023,7,July,3
14927,2024-08-09,1072,Watch,Fashion,5332,2,10664,Mumbai,Cash on Delivery,2024,8,August,3
12786,2023-09-18,1723,Watch,Fashion,5332,1,5332,Delhi,Debit Card,2023,9,September,3
14374,2023-06-25,1259,Watch,Fashion,5329,3,15987,Mumbai,Cash on Delivery,2023,6,June,2
12932,2024-03-11,1849,Watch,Fashion,5329,3,15987,Delhi,Credit Card,2024,3,March,1
10066,2023-03-22,1039,Watch,Fashion,5327,4,21308,Shimla,UPI,2023,3,March,1
12214,2023-09-11,1497,Watch,Fashion,5325,2,10650,Jaipur,Credit Card,2023,9,September,3
14021,2023-11-20,1969,Watch,Fashion,5318,2,10636,Delhi,Debit Card,2023,11,November,4
14934,2024-10-01,1730,Watch,Fashion,5313,3,15939,Shimla,Credit Card,2024,10,October,4
12874,2024-11-11,1142,Watch,Fashion,5307,2,10614,Jaipur,Credit Card,2024,11,November,4
14759,2024-01-19,1214,Watch,Fashion,5299,1,5299,Chandigarh,Credit Card,2024,1,January,1
11250,2023-07-01,1007,Watch,Fashion,5287,2,10574,Jaipur,Credit Card,2023,7,July,3
11371,2023-06-03,1522,Watch,Fashion,5286,4,21144,Bangalore,UPI,2023,6,June,2
12892,2024-03-10,1888,Watch,Fashion,5285,2,10570,Chandigarh,Cash on Delivery,2024,3,March,1
14410,2023-10-23,1811,Watch,Fashion,5283,3,15849,Jaipur,UPI,2023,10,October,4
14797,2024-01-01,1860,Watch,Fashion,5280,4,21120,Mumbai,UPI,2024,1,January,1
11410,2024-01-09,1180,Watch,Fashion,5279,3,15837,Jaipur,UPI,2024,1,January,1
11808,2023-07-13,1213,Watch,Fashion,5270,2,10540,Bangalore,Credit Card,2023,7,July,3
14691,2024-07-14,1825,Watch,Fashion,5269,4,21076,Shimla,Credit Card,2024,7,July,3
10877,2024-01-21,1969,Watch,Fashion,5267,2,10534,Jaipur,Debit Card,2024,1,January,1
12957,2024-03-29,1521,Watch,Fashion,5263,4,21052,Bangalore,UPI,2024,3,March,1
13202,2024-07-26,1601,Watch,Fashion,5262,3,15786,Chandigarh,UPI,2024,7,July,3
10437,2023-12-12,1877,Watch,Fashion,5261,3,15783,Chandigarh,Credit Card,2023,12,December,4
12926,2023-09-11,1865,Watch,Fashion,5261,4,21044,Delhi,Debit Card,2023,9,September,3
14209,2024-03-28,1270,Watch,Fashion,5260,4,21040,Chandigarh,Cash on Delivery,2024,3,March,1
12030,2024-06-21,1985,Watch,Fashion,5251,3,15753,Mumbai,Debit Card,2024,6,June,2
11535,2023-09-16,1245,Watch,Fashion,5251,1,5251,Jaipur,UPI,2023,9,September,3
12517,2023-03-28,1124,Watch,Fashion,5248,2,10496,Mumbai,Debit Card,2023,3,March,1
12470,2023-11-04,1819,Watch,Fashion,5246,1,5246,Shimla,Cash on Delivery,2023,11,November,4
14268,2023-05-21,1324,Watch,Fashion,5244,4,20976,Mumbai,Debit Card,2023,5,May,2
14452,2023-05-03,1808,Watch,Fashion,5242,4,20968,Shimla,Debit Card,2023,5,May,2
11333,2024-04-20,1885,Watch,Fashion,5239,1,5239,Chandigarh,Cash on Delivery,2024,4,April,2
10225,2024-11-02,1848,Watch,Fashion,5238,3,15714,Chandigarh,Cash on Delivery,2024,11,November,4
14870,2024-07-16,1588,Watch,Fashion,5235,2,10470,Mumbai,UPI,2024,7,July,3
14084,2024-04-15,1270,Watch,Fashion,5232,1,5232,Bangalore,Credit Card,2024,4,April,2
13251,2023-01-01,1521,Watch,Fashion,5231,4,20924,Delhi,Cash on Delivery,2023,1,January,1
14469,2023-07-24,1682,Watch,Fashion,5231,2,10462,Shimla,Credit Card,2023,7,July,3
14616,2024-07-27,1773,Watch,Fashion,5229,3,15687,Jaipur,Cash on Delivery,2024,7,July,3
14686,2023-04-06,1098,Watch,Fashion,5227,1,5227,Jaipur,UPI,2023,4,April,2
10926,2023-10-09,1366,Watch,Fashion,5226,1,5226,Bangalore,UPI,2023,10,October,4
13298,2024-12-13,1367,Watch,Fashion,5225,4,20900,Jaipur,Credit Card,2024,12,December,4
14468,2023-07-04,1823,Watch,Fashion,5225,1,5225,Shimla,UPI,2023,7,July,3
14544,2023-02-14,1681,Watch,Fashion,5225,4,20900,Jaipur,Debit Card,2023,2,February,1
13841,2023-04-14,1236,Watch,Fashion,5224,3,15672,Bangalore,Cash on Delivery,2023,4,April,2
14274,2024-06-09,1108,Watch,Fashion,5219,3,15657,Mumbai,Credit Card,2024,6,June,2
11403,2024-08-14,1621,Watch,Fashion,5216,4,20864,Jaipur,UPI,2024,8,August,3
11774,2024-01-01,1859,Watch,Fashion,5211,2,10422,Mumbai,UPI,2024,1,January,1
11398,2023-11-26,1413,Watch,Fashion,5201,4,20804,Jaipur,UPI,2023,11,November,4
10784,2023-03-16,1374,Watch,Fashion,5199,2,10398,Jaipur,Cash on Delivery,2023,3,March,1
11276,2023-02-22,1187,Watch,Fashion,5199,2,10398,Mumbai,UPI,2023,2,February,1
14086,2023-09-05,1665,Watch,Fashion,5198,1,5198,Bangalore,UPI,2023,9,September,3
14187,2023-04-19,1959,Watch,Fashion,5195,2,10390,Jaipur,Debit Card,2023,4,April,2
13774,2024-09-05,1845,Watch,Fashion,5194,1,5194,Shimla,UPI,2024,9,September,3
14608,2023-09-26,1758,Watch,Fashion,5191,1,5191,Shimla,Debit Card,2023,9,September,3
14390,2023-03-14,1428,Watch,Fashion,5189,3,15567,Mumbai,Cash on Delivery,2023,3,March,1
12366,2024-01-16,1294,Watch,Fashion,5187,2,10374,Shimla,Debit Card,2024,1,January,1
11499,2023-05-26,1089,Watch,Fashion,5187,2,10374,Delhi,Debit Card,2023,5,May,2
13117,2024-04-09,1254,Watch,Fashion,5186,4,20744,Mumbai,Debit Card,2024,4,April,2
14296,2023-11-14,1558,Watch,Fashion,5184,4,20736,Delhi,Cash on Delivery,2023,11,November,4
12189,2023-05-26,1388,Watch,Fashion,5183,2,10366,Bangalore,Credit Card,2023,5,May,2
14227,2024-05-28,1296,Watch,Fashion,5181,2,10362,Jaipur,UPI,2024,5,May,2
11258,2024-09-15,1708,Watch,Fashion,5181,1,5181,Shimla,Credit Card,2024,9,September,3
12100,2023-05-13,1272,Watch,Fashion,5168,4,20672,Delhi,Credit Card,2023,5,May,2
13757,2023-02-18,1954,Watch,Fashion,5166,3,15498,Shimla,Cash on Delivery,2023,2,February,1
12800,2024-07-22,1729,Watch,Fashion,5165,1,5165,Jaipur,UPI,2024,7,July,3
12491,2024-01-28,1611,Watch,Fashion,5163,4,20652,Shimla,Debit Card,2024,1,January,1
12167,2023-08-08,1000,Watch,Fashion,5160,4,20640,Mumbai,UPI,2023,8,August,3
10999,2023-11-15,1326,Watch,Fashion,5160,2,10320,Delhi,Debit Card,2023,11,November,4
14685,2024-09-10,1023,Watch,Fashion,5157,3,15471,Mumbai,Cash on Delivery,2024,9,September,3
11028,2024-02-14,1492,Watch,Fashion,5154,3,15462,Shimla,UPI,2024,2,February,1
10089,2024-12-20,1707,Watch,Fashion,5154,2,10308,Jaipur,Cash on Delivery,2024,12,December,4
11171,2023-10-12,1400,Watch,Fashion,5147,4,20588,Jaipur,Cash on Delivery,2023,10,October,4
12703,2024-02-09,1558,Watch,Fashion,5146,2,10292,Jaipur,UPI,2024,2,February,1
10818,2023-07-02,1482,Watch,Fashion,5144,4,20576,Mumbai,UPI,2023,7,July,3
12498,2023-04-07,1534,Watch,Fashion,5139,1,5139,Jaipur,Cash on Delivery,2023,4,April,2
11654,2024-03-30,1838,Watch,Fashion,5139,1,5139,Jaipur,Credit Card,2024,3,March,1
10692,2024-10-29,1662,Watch,Fashion,5137,1,5137,Jaipur,Debit Card,2024,10,October,4
11257,2023-05-27,1674,Watch,Fashion,5136,2,10272,Delhi,Credit Card,2023,5,May,2
11467,2024-03-25,1376,Watch,Fashion,5135,2,10270,Jaipur,UPI,2024,3,March,1
12645,2023-01-30,1175,Watch,Fashion,5135,3,15405,Delhi,UPI,2023,1,January,1
14598,2023-07-24,1677,Watch,Fashion,5134,4,20536,Chandigarh,UPI,2023,7,July,3
13676,2024-09-10,1696,Watch,Fashion,5131,1,5131,Bangalore,UPI,2024,9,September,3
10544,2024-10-25,1610,Watch,Fashion,5127,4,20508,Jaipur,UPI,2024,10,October,4
13077,2024-03-18,1163,Watch,Fashion,5125,1,5125,Jaipur,Debit Card,2024,3,March,1
13638,2023-01-14,1954,Watch,Fashion,5125,4,20500,Chandigarh,Credit Card,2023,1,January,1
12629,2024-02-11,1113,Watch,Fashion,5124,1,5124,Delhi,Credit Card,2024,2,February,1
11647,2024-11-30,1495,Watch,Fashion,5122,2,10244,Shimla,UPI,2024,11,November,4
14953,2023-08-11,1221,Watch,Fashion,5119,4,20476,Chandigarh,Debit Card,2023,8,August,3
14979,2024-09-29,1603,Watch,Fashion,5117,4,20468,Delhi,Credit Card,2024,9,September,3
14764,2024-11-08,1266,Watch,Fashion,5117,1,5117,Bangalore,Debit Card,2024,11,November,4
12134,2024-10-31,1946,Watch,Fashion,5117,4,20468,Jaipur,UPI,2024,10,October,4
10556,2024-12-29,1495,Watch,Fashion,5111,4,20444,Delhi,Debit Card,2024,12,December,4
13961,2024-05-09,1522,Watch,Fashion,5111,4,20444,Jaipur,Cash on Delivery,2024,5,May,2
14878,2024-12-15,1213,Watch,Fashion,5110,2,10220,Mumbai,Cash on Delivery,2024,12,December,4
13042,2023-09-29,1476,Watch,Fashion,5103,3,15309,Mumbai,Debit Card,2023,9,September,3
10835,2024-04-10,1757,Watch,Fashion,5100,1,5100,Jaipur,Debit Card,2024,4,April,2
10734,2024-04-05,1725,Watch,Fashion,5100,1,5100,Jaipur,Cash on Delivery,2024,4,April,2
11674,2023-01-22,1344,Watch,Fashion,5100,4,20400,Shimla,Debit Card,2023,1,January,1
10231,2023-07-03,1179,Watch,Fashion,5097,3,15291,Bangalore,Credit Card,2023,7,July,3
14045,2023-04-19,1887,Watch,Fashion,5097,4,20388,Chandigarh,UPI,2023,4,April,2
12753,2024-02-05,1911,Watch,Fashion,5090,1,5090,Jaipur,Cash on Delivery,2024,2,February,1
13007,2024-10-07,1247,Watch,Fashion,5089,4,20356,Delhi,Cash on Delivery,2024,10,October,4
13171,2023-06-23,1899,Watch,Fashion,5086,3,15258,Mumbai,UPI,2023,6,June,2
10296,2024-05-24,1944,Watch,Fashion,5085,4,20340,Bangalore,Credit Card,2024,5,May,2
13224,2023-05-16,1367,Watch,Fashion,5080,4,20320,Jaipur,UPI,2023,5,May,2
10164,2023-01-28,1387,Watch,Fashion,5078,4,20312,Bangalore,Debit Card,2023,1,January,1
14289,2023-07-21,1533,Watch,Fashion,5076,1,5076,Mumbai,Credit Card,2023,7,July,3
10761,2024-03-24,1082,Watch,Fashion,5074,1,5074,Shimla,Cash on Delivery,2024,3,March,1
11547,2024-11-20,1486,Watch,Fashion,5067,2,10134,Jaipur,UPI,2024,11,November,4
10389,2023-02-05,1151,Watch,Fashion,5065,1,5065,Chandigarh,Credit Card,2023,2,February,1
13858,2024-03-16,1556,Watch,Fashion,5065,2,10130,Delhi,Cash on Delivery,2024,3,March,1
12265,2024-04-15,1356,Watch,Fashion,5063,3,15189,Jaipur,UPI,2024,4,April,2
13600,2023-01-13,1075,Watch,Fashion,5062,3,15186,Mumbai,Cash on Delivery,2023,1,January,1
10254,2024-05-03,1782,Watch,Fashion,5059,1,5059,Shimla,Credit Card,2024,5,May,2
13119,2023-09-22,1897,Watch,Fashion,5058,4,20232,Mumbai,Cash on Delivery,2023,9,September,3
13001,2024-04-20,1919,Watch,Fashion,5056,3,15168,Chandigarh,Cash on Delivery,2024,4,April,2
12592,2024-03-10,1517,Watch,Fashion,5055,4,20220,Shimla,Debit Card,2024,3,March,1
11904,2024-10-04,1701,Watch,Fashion,5055,1,5055,Shimla,Credit Card,2024,10,October,4
13241,2023-02-10,1682,Watch,Fashion,5054,2,10108,Shimla,Debit Card,2023,2,February,1
11249,2023-06-14,1325,Watch,Fashion,5053,4,20212,Shimla,Cash on Delivery,2023,6,June,2
14777,2023-12-06,1219,Watch,Fashion,5051,2,10102,Mumbai,UPI,2023,12,December,4
12510,2024-02-20,1015,Watch,Fashion,5047,3,15141,Mumbai,Debit Card,2024,2,February,1
11853,2023-05-02,1648,Watch,Fashion,5043,2,10086,Shimla,Credit Card,2023,5,May,2
10553,2023-09-30,1656,Watch,Fashion,5036,3,15108,Chandigarh,UPI,2023,9,September,3
14992,2024-06-23,1812,Watch,Fashion,5036,2,10072,Jaipur,Cash on Delivery,2024,6,June,2
11388,2023-04-18,1163,Watch,Fashion,5035,2,10070,Delhi,Credit Card,2023,4,April,2
10317,2024-04-04,1549,Watch,Fashion,5034,1,5034,Bangalore,Credit Card,2024,4,April,2
13640,2024-02-16,1392,Watch,Fashion,5034,2,10068,Chandigarh,Cash on Delivery,2024,2,February,1
10978,2023-05-20,1883,Watch,Fashion,5030,3,15090,Chandigarh,Cash on Delivery,2023,5,May,2
12550,2024-01-03,1566,Watch,Fashion,5029,3,15087,Bangalore,Credit Card,2024,1,January,1
12743,2023-04-23,1354,Watch,Fashion,5029,1,5029,Chandigarh,Debit Card,2023,4,April,2
12974,2024-01-01,1235,Watch,Fashion,5027,3,15081,Chandigarh,Credit Card,2024,1,January,1
14140,2024-06-04,1884,Watch,Fashion,5023,1,5023,Mumbai,Cash on Delivery,2024,6,June,2
13993,2023-01-10,1702,Watch,Fashion,5021,2,10042,Shimla,UPI,2023,1,January,1
13580,2023-07-07,1797,Watch,Fashion,5019,4,20076,Shimla,Cash on Delivery,2023,7,July,3
10558,2024-02-01,1428,Watch,Fashion,5016,2,10032,Chandigarh,Credit Card,2024,2,February,1
10921,2024-07-07,1220,Watch,Fashion,5004,2,10008,Bangalore,Cash on Delivery,2024,7,July,3
11968,2024-01-02,1387,Watch,Fashion,5002,4,20008,Mumbai,Debit Card,2024,1,January,1
14208,2023-07-12,1911,Watch,Fashion,4999,3,14997,Delhi,Debit Card,2023,7,July,3
10919,2024-01-04,1829,Watch,Fashion,4995,2,9990,Bangalore,Cash on Delivery,2024,1,January,1
13384,2024-01-23,1402,Watch,Fashion,4994,2,9988,Bangalore,Cash on Delivery,2024,1,January,1
12099,2023-01-12,1553,Watch,Fashion,4992,1,4992,Mumbai,UPI,2023,1,January,1
13070,2023-07-26,1342,Watch,Fashion,4992,4,19968,Chandigarh,Debit Card,2023,7,July,3
11295,2023-10-08,1298,Watch,Fashion,4990,3,14970,Shimla,Debit Card,2023,10,October,4
13433,2023-12-20,1776,Watch,Fashion,4988,1,4988,Bangalore,Debit Card,2023,12,December,4
13143,2024-10-31,1782,Watch,Fashion,4984,3,14952,Mumbai,UPI,2024,10,October,4
10520,2023-03-31,1673,Watch,Fashion,4980,1,4980,Jaipur,UPI,2023,3,March,1
14211,2023-12-02,1993,Watch,Fashion,4980,2,9960,Bangalore,UPI,2023,12,December,4
11178,2023-03-25,1108,Watch,Fashion,4977,4,19908,Mumbai,Debit Card,2023,3,March,1
11836,2024-04-03,1858,Watch,Fashion,4976,3,14928,Mumbai,Debit Card,2024,4,April,2
13760,2024-10-11,1323,Watch,Fashion,4974,4,19896,Shimla,Cash on Delivery,2024,10,October,4
12143,2023-09-20,1327,Watch,Fashion,4974,2,9948,Delhi,Credit Card,2023,9,September,3
10130,2024-09-04,1421,Watch,Fashion,4973,4,19892,Mumbai,UPI,2024,9,September,3
12154,2023-02-05,1668,Watch,Fashion,4967,4,19868,Jaipur,UPI,2023,2,February,1
10446,2023-04-06,1900,Watch,Fashion,4967,1,4967,Mumbai,Debit Card,2023,4,April,2
13348,2023-12-26,1959,Watch,Fashion,4964,2,9928,Delhi,Credit Card,2023,12,December,4
14055,2023-05-12,1697,Watch,Fashion,4960,3,14880,Delhi,Cash on Delivery,2023,5,May,2
10348,2024-06-01,1937,Watch,Fashion,4957,3,14871,Jaipur,Credit Card,2024,6,June,2
13554,2023-10-19,1550,Watch,Fashion,4957,1,4957,Chandigarh,Credit Card,2023,10,October,4
12408,2023-05-29,1690,Watch,Fashion,4953,1,4953,Shimla,Debit Card,2023,5,May,2
13409,2023-05-04,1041,Watch,Fashion,4953,1,4953,Chandigarh,Debit Card,2023,5,May,2
14836,2024-03-08,1467,Watch,Fashion,4948,4,19792,Chandigarh,UPI,2024,3,March,1
11673,2024-12-05,1011,Watch,Fashion,4942,3,14826,Delhi,Credit Card,2024,12,December,4
12744,2023-07-02,1711,Watch,Fashion,4941,1,4941,Shimla,Credit Card,2023,7,July,3
10792,2024-03-10,1737,Watch,Fashion,4938,2,9876,Delhi,Cash on Delivery,2024,3,March,1
11994,2023-05-06,1495,Watch,Fashion,4937,4,19748,Mumbai,Credit Card,2023,5,May,2
13595,2023-12-24,1418,Watch,Fashion,4934,1,4934,Mumbai,Credit Card,2023,12,December,4
14847,2023-05-18,1507,Watch,Fashion,4929,3,14787,Chandigarh,Credit Card,2023,5,May,2
10496,2024-04-19,1778,Watch,Fashion,4922,3,14766,Bangalore,Cash on Delivery,2024,4,April,2
13116,2024-11-06,1249,Watch,Fashion,4915,4,19660,Jaipur,Debit Card,2024,11,November,4
12637,2023-12-19,1511,Watch,Fashion,4914,1,4914,Shimla,Debit Card,2023,12,December,4
14396,2023-07-31,1569,Watch,Fashion,4914,2,9828,Chandigarh,Debit Card,2023,7,July,3
10976,2024-06-15,1833,Watch,Fashion,4909,3,14727,Bangalore,UPI,2024,6,June,2
10355,2023-06-30,1967,Watch,Fashion,4908,3,14724,Mumbai,Cash on Delivery,2023,6,June,2
11419,2024-05-03,1489,Watch,Fashion,4908,4,19632,Jaipur,UPI,2024,5,May,2
13378,2024-11-18,1164,Watch,Fashion,4906,3,14718,Mumbai,UPI,2024,11,November,4
13807,2024-06-11,1012,Watch,Fashion,4905,2,9810,Bangalore,UPI,2024,6,June,2
12024,2023-04-29,1831,Watch,Fashion,4904,1,4904,Bangalore,Cash on Delivery,2023,4,April,2
13764,2024-08-08,1309,Watch,Fashion,4904,3,14712,Delhi,Debit Card,2024,8,August,3
10021,2023-12-10,1485,Watch,Fashion,4898,2,9796,Delhi,Credit Card,2023,12,December,4
12456,2023-08-01,1109,Watch,Fashion,4896,4,19584,Delhi,Cash on Delivery,2023,8,August,3
10905,2023-07-31,1917,Watch,Fashion,4896,4,19584,Bangalore,Debit Card,2023,7,July,3
13746,2024-06-23,1991,Watch,Fashion,4895,1,4895,Shimla,Debit Card,2024,6,June,2
13988,2023-06-04,1280,Watch,Fashion,4895,4,19580,Mumbai,UPI,2023,6,June,2
11604,2023-04-02,1553,Watch,Fashion,4894,4,19576,Bangalore,Cash on Delivery,2023,4,April,2
11974,2024-05-25,1819,Watch,Fashion,4888,1,4888,Bangalore,UPI,2024,5,May,2
12128,2023-06-05,1283,Watch,Fashion,4888,1,4888,Chandigarh,UPI,2023,6,June,2
12020,2023-03-27,1571,Watch,Fashion,4885,4,19540,Jaipur,Debit Card,2023,3,March,1
10531,2024-02-17,1110,Watch,Fashion,4882,3,14646,Chandigarh,Debit Card,2024,2,February,1
12292,2024-09-18,1481,Watch,Fashion,4879,2,9758,Shimla,UPI,2024,9,September,3
11338,2023-05-10,1358,Watch,Fashion,4876,2,9752,Mumbai,Credit Card,2023,5,May,2
13045,2023-09-05,1454,Watch,Fashion,4875,2,9750,Jaipur,Cash on Delivery,2023,9,September,3
14105,2024-05-29,1431,Watch,Fashion,4875,1,4875,Mumbai,UPI,2024,5,May,2
13205,2023-10-10,1352,Watch,Fashion,4860,4,19440,Chandigarh,Cash on Delivery,2023,10,October,4
11483,2023-09-29,1941,Watch,Fashion,4859,3,14577,Jaipur,Cash on Delivery,2023,9,September,3
14821,2023-12-17,1370,Watch,Fashion,4858,1,4858,Delhi,UPI,2023,12,December,4
12076,2024-10-16,1950,Watch,Fashion,4858,1,4858,Delhi,Credit Card,2024,10,October,4
13091,2023-10-08,1278,Watch,Fashion,4853,3,14559,Mumbai,Debit Card,2023,10,October,4
11356,2024-09-14,1268,Watch,Fashion,4850,2,9700,Shimla,Credit Card,2024,9,September,3
13127,2023-08-10,1971,Watch,Fashion,4849,4,19396,Jaipur,UPI,2023,8,August,3
10364,2023-11-19,1366,Watch,Fashion,4847,2,9694,Shimla,Cash on Delivery,2023,11,November,4
14617,2024-06-12,1537,Watch,Fashion,4845,4,19380,Shimla,Debit Card,2024,6,June,2
14197,2023-02-12,1535,Watch,Fashion,4845,3,14535,Delhi,Credit Card,2023,2,February,1
13872,2024-05-05,1763,Watch,Fashion,4845,3,14535,Jaipur,Debit Card,2024,5,May,2
12859,2023-06-10,1070,Watch,Fashion,4843,4,19372,Chandigarh,Debit Card,2023,6,June,2
14674,2023-01-03,1574,Watch,Fashion,4841,2,9682,Shimla,Credit Card,2023,1,January,1
13827,2024-09-07,1729,Watch,Fashion,4837,2,9674,Jaipur,UPI,2024,9,September,3
13330,2023-04-17,1167,Watch,Fashion,4835,4,19340,Mumbai,Debit Card,2023,4,April,2
12772,2024-09-10,1147,Watch,Fashion,4835,2,9670,Shimla,Cash on Delivery,2024,9,September,3
10242,2023-05-04,1307,Watch,Fashion,4834,2,9668,Mumbai,Credit Card,2023,5,May,2
10183,2024-12-10,1057,Watch,Fashion,4832,2,9664,Shimla,Cash on Delivery,2024,12,December,4
12108,2023-12-30,1547,Watch,Fashion,4828,2,9656,Jaipur,Cash on Delivery,2023,12,December,4
12563,2023-08-05,1630,Watch,Fashion,4823,3,14469,Jaipur,Credit Card,2023,8,August,3
10851,2023-02-16,1011,Watch,Fashion,4820,2,9640,Mumbai,Credit Card,2023,2,February,1
13735,2023-04-10,1375,Watch,Fashion,4820,4,19280,Jaipur,UPI,2023,4,April,2
12682,2023-07-28,1585,Watch,Fashion,4815,3,14445,Shimla,UPI,2023,7,July,3
13379,2024-09-19,1916,Watch,Fashion,4812,4,19248,Mumbai,Cash on Delivery,2024,9,September,3
13275,2024-11-17,1225,Watch,Fashion,4809,3,14427,Delhi,Credit Card,2024,11,November,4
11822,2023-08-11,1874,Watch,Fashion,4808,4,19232,Mumbai,UPI,2023,8,August,3
13475,2024-10-22,1371,Watch,Fashion,4807,1,4807,Delhi,Cash on Delivery,2024,10,October,4
14658,2024-06-01,1322,Watch,Fashion,4799,3,14397,Jaipur,Credit Card,2024,6,June,2
12254,2023-03-08,1926,Watch,Fashion,4789,2,9578,Chandigarh,Debit Card,2023,3,March,1
12631,2023-02-13,1012,Watch,Fashion,4789,1,4789,Mumbai,Credit Card,2023,2,February,1
10485,2023-08-11,1860,Watch,Fashion,4788,3,14364,Shimla,UPI,2023,8,August,3
13678,2023-05-17,1139,Watch,Fashion,4780,4,19120,Delhi,Cash on Delivery,2023,5,May,2
12370,2024-10-14,1078,Watch,Fashion,4779,1,4779,Mumbai,Debit Card,2024,10,October,4
12760,2024-07-12,1536,Watch,Fashion,4777,1,4777,Jaipur,Debit Card,2024,7,July,3
13412,2024-10-07,1230,Watch,Fashion,4776,1,4776,Shimla,Debit Card,2024,10,October,4
13345,2023-02-10,1538,Watch,Fashion,4775,4,19100,Shimla,Cash on Delivery,2023,2,February,1
10139,2023-01-15,1610,Watch,Fashion,4774,1,4774,Shimla,Cash on Delivery,2023,1,January,1
10887,2024-05-22,1430,Watch,Fashion,4772,4,19088,Chandigarh,Credit Card,2024,5,May,2
11625,2024-01-29,1395,Watch,Fashion,4771,4,19084,Shimla,Cash on Delivery,2024,1,January,1
10936,2024-08-04,1440,Watch,Fashion,4768,3,14304,Shimla,Cash on Delivery,2024,8,August,3
11156,2023-07-29,1742,Watch,Fashion,4767,1,4767,Mumbai,Debit Card,2023,7,July,3
12166,2024-12-26,1282,Watch,Fashion,4767,1,4767,Bangalore,UPI,2024,12,December,4
10010,2024-04-11,1789,Watch,Fashion,4765,4,19060,Mumbai,Cash on Delivery,2024,4,April,2
14454,2024-11-10,1575,Watch,Fashion,4761,4,19044,Mumbai,Credit Card,2024,11,November,4
10375,2023-06-04,1801,Watch,Fashion,4756,4,19024,Delhi,Cash on Delivery,2023,6,June,2
10766,2023-03-13,1883,Watch,Fashion,4753,3,14259,Delhi,Cash on Delivery,2023,3,March,1
10563,2024-01-31,1238,Watch,Fashion,4753,2,9506,Delhi,Debit Card,2024,1,January,1
10861,2023-01-26,1980,Watch,Fashion,4751,3,14253,Mumbai,Debit Card,2023,1,January,1
11687,2024-04-04,1964,Watch,Fashion,4745,1,4745,Jaipur,Credit Card,2024,4,April,2
12917,2024-12-26,1957,Watch,Fashion,4744,2,9488,Bangalore,UPI,2024,12,December,4
13406,2023-05-05,1054,Watch,Fashion,4740,3,14220,Chandigarh,Credit Card,2023,5,May,2
13084,2024-05-15,1041,Watch,Fashion,4730,3,14190,Jaipur,Debit Card,2024,5,May,2
13667,2023-12-09,1892,Watch,Fashion,4726,4,18904,Delhi,Debit Card,2023,12,December,4
12568,2023-05-29,1546,Watch,Fashion,4716,2,9432,Mumbai,UPI,2023,5,May,2
14710,2024-12-21,1214,Watch,Fashion,4716,1,4716,Shimla,Cash on Delivery,2024,12,December,4
14771,2024-09-13,1672,Watch,Fashion,4715,2,9430,Bangalore,UPI,2024,9,September,3
11784,2024-01-27,1176,Watch,Fashion,4712,4,18848,Jaipur,Credit Card,2024,1,January,1
13350,2024-07-13,1925,Watch,Fashion,4707,4,18828,Delhi,Debit Card,2024,7,July,3
14753,2023-06-27,1230,Watch,Fashion,4705,4,18820,Mumbai,UPI,2023,6,June,2
14228,2024-01-11,1177,Watch,Fashion,4703,4,18812,Shimla,Credit Card,2024,1,January,1
11222,2023-03-28,1723,Watch,Fashion,4701,2,9402,Mumbai,Debit Card,2023,3,March,1
13500,2024-12-04,1322,Watch,Fashion,4700,3,14100,Bangalore,UPI,2024,12,December,4
14765,2023-08-10,1068,Watch,Fashion,4688,1,4688,Chandigarh,Credit Card,2023,8,August,3
14885,2024-04-15,1145,Watch,Fashion,4688,1,4688,Shimla,Cash on Delivery,2024,4,April,2
10140,2024-07-07,1905,Watch,Fashion,4686,3,14058,Mumbai,Credit Card,2024,7,July,3
14517,2023-05-17,1541,Watch,Fashion,4684,2,9368,Mumbai,UPI,2023,5,May,2
13439,2024-01-18,1478,Watch,Fashion,4683,4,18732,Chandigarh,Debit Card,2024,1,January,1
10906,2023-01-25,1223,Watch,Fashion,4679,4,18716,Mumbai,UPI,2023,1,January,1
10440,2023-05-07,1301,Watch,Fashion,4679,1,4679,Jaipur,Debit Card,2023,5,May,2
13360,2023-07-15,1816,Watch,Fashion,4679,2,9358,Chandigarh,Debit Card,2023,7,July,3
14458,2024-09-10,1351,Watch,Fashion,4678,1,4678,Delhi,Debit Card,2024,9,September,3
12503,2024-12-15,1107,Watch,Fashion,4677,3,14031,Mumbai,Cash on Delivery,2024,12,December,4
13665,2023-10-21,1815,Watch,Fashion,4674,4,18696,Shimla,Cash on Delivery,2023,10,October,4
12777,2024-07-16,1810,Watch,Fashion,4673,1,4673,Chandigarh,UPI,2024,7,July,3
12681,2023-01-12,1151,Watch,Fashion,4665,2,9330,Delhi,Debit Card,2023,1,January,1
10266,2023-12-12,1106,Watch,Fashion,4664,2,9328,Jaipur,UPI,2023,12,December,4
10435,2024-08-26,1142,Watch,Fashion,4659,1,4659,Chandigarh,Debit Card,2024,8,August,3
13159,2024-04-26,1774,Watch,Fashion,4658,1,4658,Delhi,Credit Card,2024,4,April,2
10480,2023-12-23,1548,Watch,Fashion,4654,1,4654,Delhi,Cash on Delivery,2023,12,December,4
13590,2024-10-18,1264,Watch,Fashion,4654,4,18616,Bangalore,Debit Card,2024,10,October,4
14990,2024-10-11,1100,Watch,Fashion,4653,2,9306,Mumbai,UPI,2024,10,October,4
12809,2023-12-08,1281,Watch,Fashion,4648,1,4648,Shimla,UPI,2023,12,December,4
14391,2023-09-05,1873,Watch,Fashion,4647,2,9294,Bangalore,Debit Card,2023,9,September,3
14338,2024-07-13,1269,Watch,Fashion,4644,2,9288,Delhi,Cash on Delivery,2024,7,July,3
10716,2023-09-13,1623,Watch,Fashion,4633,2,9266,Shimla,Debit Card,2023,9,September,3
11677,2023-07-29,1665,Watch,Fashion,4630,3,13890,Chandigarh,UPI,2023,7,July,3
10564,2024-03-20,1071,Watch,Fashion,4620,1,4620,Chandigarh,UPI,2024,3,March,1
11322,2023-12-08,1883,Watch,Fashion,4619,1,4619,Jaipur,Credit Card,2023,12,December,4
11128,2023-10-23,1021,Watch,Fashion,4619,2,9238,Mumbai,Debit Card,2023,10,October,4
14607,2023-03-12,1784,Watch,Fashion,4610,2,9220,Delhi,UPI,2023,3,March,1
13223,2023-07-09,1364,Watch,Fashion,4606,2,9212,Bangalore,UPI,2023,7,July,3
14564,2024-10-11,1731,Watch,Fashion,4604,2,9208,Mumbai,UPI,2024,10,October,4
12864,2023-11-23,1083,Watch,Fashion,4603,3,13809,Bangalore,Debit Card,2023,11,November,4
14815,2024-04-24,1012,Watch,Fashion,4603,1,4603,Chandigarh,Debit Card,2024,4,April,2
11586,2023-04-24,1143,Watch,Fashion,4600,4,18400,Chandigarh,UPI,2023,4,April,2
11132,2024-09-04,1956,Watch,Fashion,4598,3,13794,Mumbai,Credit Card,2024,9,September,3
13361,2024-02-25,1587,Watch,Fashion,4596,4,18384,Bangalore,Credit Card,2024,2,February,1
10063,2024-05-23,1848,Watch,Fashion,4595,1,4595,Mumbai,UPI,2024,5,May,2
14123,2024-05-10,1987,Watch,Fashion,4595,2,9190,Jaipur,Debit Card,2024,5,May,2
11153,2024-08-24,1103,Watch,Fashion,4592,1,4592,Chandigarh,Debit Card,2024,8,August,3
11278,2024-05-20,1085,Watch,Fashion,4592,2,9184,Shimla,Debit Card,2024,5,May,2
11623,2024-06-18,1034,Watch,Fashion,4590,2,9180,Mumbai,Credit Card,2024,6,June,2
14657,2024-06-17,1402,Watch,Fashion,4583,4,18332,Chandigarh,UPI,2024,6,June,2
11423,2023-01-16,1721,Watch,Fashion,4583,4,18332,Shimla,Debit Card,2023,1,January,1
14531,2024-02-18,1895,Watch,Fashion,4577,4,18308,Chandigarh,Cash on Delivery,2024,2,February,1
12246,2024-05-31,1333,Watch,Fashion,4575,2,9150,Jaipur,Cash on Delivery,2024,5,May,2
14909,2023-04-22,1185,Watch,Fashion,4572,2,9144,Bangalore,UPI,2023,4,April,2
12797,2024-11-16,1285,Watch,Fashion,4570,1,4570,Shimla,Credit Card,2024,11,November,4
10501,2024-06-28,1601,Watch,Fashion,4569,4,18276,Shimla,UPI,2024,6,June,2
11509,2023-03-02,1089,Watch,Fashion,4568,3,13704,Delhi,Cash on Delivery,2023,3,March,1
12148,2023-06-08,1725,Watch,Fashion,4565,2,9130,Bangalore,Credit Card,2023,6,June,2
13677,2024-10-20,1350,Watch,Fashion,4564,2,9128,Mumbai,Debit Card,2024,10,October,4
12535,2023-07-30,1044,Watch,Fashion,4559,2,9118,Jaipur,Cash on Delivery,2023,7,July,3
14666,2023-03-23,1650,Watch,Fashion,4558,3,13674,Jaipur,Cash on Delivery,2023,3,March,1
11120,2023-05-13,1127,Watch,Fashion,4556,2,9112,Jaipur,Cash on Delivery,2023,5,May,2
11045,2024-10-26,1795,Watch,Fashion,4552,4,18208,Delhi,Cash on Delivery,2024,10,October,4
13894,2023-01-15,1649,Watch,Fashion,4549,2,9098,Bangalore,Debit Card,2023,1,January,1
12806,2024-02-12,1893,Watch,Fashion,4546,1,4546,Shimla,Cash on Delivery,2024,2,February,1
11037,2024-09-07,1816,Watch,Fashion,4545,1,4545,Jaipur,Debit Card,2024,9,September,3
13451,2023-05-19,1845,Watch,Fashion,4545,2,9090,Chandigarh,UPI,2023,5,May,2
10579,2024-04-13,1569,Watch,Fashion,4545,1,4545,Mumbai,Cash on Delivery,2024,4,April,2
14046,2024-11-30,1207,Watch,Fashion,4542,1,4542,Chandigarh,Debit Card,2024,11,November,4
11542,2023-04-09,1701,Watch,Fashion,4535,3,13605,Chandigarh,UPI,2023,4,April,2
13024,2023-07-09,1297,Watch,Fashion,4533,3,13599,Mumbai,UPI,2023,7,July,3
12770,2023-05-18,1133,Watch,Fashion,4531,2,9062,Mumbai,Cash on Delivery,2023,5,May,2
14643,2023-12-05,1225,Watch,Fashion,4526,4,18104,Chandigarh,Cash on Delivery,2023,12,December,4
10045,2023-05-11,1776,Watch,Fashion,4526,1,4526,Chandigarh,UPI,2023,5,May,2
11217,2023-02-24,1730,Watch,Fashion,4526,4,18104,Mumbai,Debit Card,2023,2,February,1
14067,2024-05-08,1485,Watch,Fashion,4522,3,13566,Chandigarh,Credit Card,2024,5,May,2
12383,2024-06-26,1145,Watch,Fashion,4520,2,9040,Delhi,UPI,2024,6,June,2
11930,2023-01-28,1929,Watch,Fashion,4520,1,4520,Delhi,UPI,2023,1,January,1
14466,2023-05-19,1329,Watch,Fashion,4512,4,18048,Chandigarh,Credit Card,2023,5,May,2
13701,2023-01-13,1251,Watch,Fashion,4512,1,4512,Mumbai,Credit Card,2023,1,January,1
12032,2023-10-30,1196,Watch,Fashion,4511,3,13533,Jaipur,UPI,2023,10,October,4
14900,2024-02-10,1078,Watch,Fashion,4508,2,9016,Jaipur,UPI,2024,2,February,1
11952,2023-10-03,1755,Watch,Fashion,4503,1,4503,Bangalore,Credit Card,2023,10,October,4
12539,2024-07-16,1409,Watch,Fashion,4502,3,13506,Shimla,UPI,2024,7,July,3
14242,2023-04-23,1001,Watch,Fashion,4502,2,9004,Bangalore,Debit Card,2023,4,April,2
11643,2023-08-21,1854,Shoes,Fashion,3499,2,6998,Delhi,Cash on Delivery,2023,8,August,3
10260,2023-05-31,1903,Shoes,Fashion,3498,2,6996,Mumbai,Credit Card,2023,5,May,2
11871,2024-12-14,1400,Shoes,Fashion,3498,4,13992,Shimla,UPI,2024,12,December,4
10340,2024-05-26,1185,Shoes,Fashion,3496,3,10488,Chandigarh,Credit Card,2024,5,May,2
10265,2023-05-24,1320,Shoes,Fashion,3487,4,13948,Mumbai,UPI,2023,5,May,2
13611,2024-09-21,1095,Shoes,Fashion,3483,2,6966,Mumbai,Cash on Delivery,2024,9,September,3
12944,2024-04-20,1266,Shoes,Fashion,3478,2,6956,Bangalore,UPI,2024,4,April,2
12444,2024-01-21,1542,Shoes,Fashion,3477,3,10431,Mumbai,Cash on Delivery,2024,1,January,1
11991,2023-08-30,1616,Shoes,Fashion,3472,1,3472,Chandigarh,Credit Card,2023,8,August,3
11007,2023-11-14,1970,Shoes,Fashion,3462,1,3462,Shimla,Cash on Delivery,2023,11,November,4
11985,2024-11-21,1771,Shoes,Fashion,3462,4,13848,Delhi,Credit Card,2024,11,November,4
12900,2024-10-11,1630,Shoes,Fashion,3453,4,13812,Jaipur,UPI,2024,10,October,4
12606,2024-09-29,1626,Shoes,Fashion,3448,2,6896,Bangalore,Debit Card,2024,9,September,3
14795,2023-08-05,1940,Shoes,Fashion,3446,3,10338,Mumbai,UPI,2023,8,August,3
13538,2024-06-30,1282,Shoes,Fashion,3446,4,13784,Delhi,Debit Card,2024,6,June,2
14501,2023-10-04,1657,Shoes,Fashion,3443,4,13772,Shimla,Debit Card,2023,10,October,4
13394,2023-06-04,1018,Shoes,Fashion,3440,3,10320,Delhi,UPI,2023,6,June,2
10731,2023-03-04,1978,Shoes,Fashion,3439,2,6878,Mumbai,UPI,2023,3,March,1
10468,2023-02-16,1344,Shoes,Fashion,3436,3,10308,Bangalore,UPI,2023,2,February,1
12257,2023-09-16,1920,Shoes,Fashion,3436,4,13744,Shimla,Cash on Delivery,2023,9,September,3
13178,2023-08-20,1220,Shoes,Fashion,3429,2,6858,Bangalore,UPI,2023,8,August,3
11576,2023-02-07,1171,Shoes,Fashion,3428,3,10284,Delhi,UPI,2023,2,February,1
13411,2023-03-28,1972,Shoes,Fashion,3427,1,3427,Shimla,Cash on Delivery,2023,3,March,1
10997,2024-08-18,1340,Shoes,Fashion,3425,2,6850,Bangalore,Credit Card,2024,8,August,3
11607,2024-07-24,1442,Shoes,Fashion,3420,3,10260,Mumbai,Credit Card,2024,7,July,3
14106,2024-01-19,1677,Shoes,Fashion,3419,3,10257,Bangalore,Credit Card,2024,1,January,1
12345,2023-05-14,1438,Shoes,Fashion,3418,1,3418,Jaipur,UPI,2023,5,May,2
12624,2024-03-11,1497,Shoes,Fashion,3415,4,13660,Bangalore,Debit Card,2024,3,March,1
14331,2023-11-05,1228,Shoes,Fashion,3413,2,6826,Jaipur,Cash on Delivery,2023,11,November,4
11752,2024-06-10,1308,Shoes,Fashion,3407,1,3407,Delhi,Credit Card,2024,6,June,2
13668,2023-03-29,1677,Shoes,Fashion,3401,3,10203,Mumbai,Credit Card,2023,3,March,1
10760,2024-03-21,1713,Shoes,Fashion,3401,2,6802,Jaipur,Debit Card,2024,3,March,1
12448,2023-09-03,1758,Shoes,Fashion,3398,4,13592,Bangalore,Cash on Delivery,2023,9,September,3
12302,2023-03-25,1527,Shoes,Fashion,3398,3,10194,Delhi,Cash on Delivery,2023,3,March,1
14064,2023-04-22,1628,Shoes,Fashion,3397,1,3397,Bangalore,Debit Card,2023,4,April,2
10889,2024-05-20,1435,Shoes,Fashion,3396,3,10188,Bangalore,Debit Card,2024,5,May,2
12648,2023-10-08,1165,Shoes,Fashion,3390,2,6780,Shimla,Debit Card,2023,10,October,4
14545,2024-02-05,1412,Shoes,Fashion,3385,2,6770,Chandigarh,Debit Card,2024,2,February,1
11819,2023-01-09,1063,Shoes,Fashion,3380,2,6760,Jaipur,UPI,2023,1,January,1
12031,2024-10-09,1178,Shoes,Fashion,3377,4,13508,Bangalore,UPI,2024,10,October,4
10276,2023-01-09,1480,Shoes,Fashion,3375,2,6750,Jaipur,Debit Card,2023,1,January,1
11711,2024-04-03,1731,Shoes,Fashion,3375,1,3375,Delhi,Cash on Delivery,2024,4,April,2
10257,2023-12-04,1236,Shoes,Fashion,3373,2,6746,Chandigarh,Debit Card,2023,12,December,4
12972,2024-09-04,1853,Shoes,Fashion,3358,1,3358,Delhi,Cash on Delivery,2024,9,September,3
14793,2024-11-20,1388,Shoes,Fashion,3356,4,13424,Jaipur,UPI,2024,11,November,4
13454,2023-09-30,1220,Shoes,Fashion,3355,1,3355,Chandigarh,Credit Card,2023,9,September,3
12799,2023-07-07,1139,Shoes,Fashion,3353,2,6706,Chandigarh,Cash on Delivery,2023,7,July,3
11624,2024-03-01,1517,Shoes,Fashion,3353,4,13412,Mumbai,Credit Card,2024,3,March,1
11883,2023-12-30,1901,Shoes,Fashion,3351,3,10053,Shimla,Debit Card,2023,12,December,4
10084,2024-12-27,1047,Shoes,Fashion,3350,3,10050,Delhi,Credit Card,2024,12,December,4
12233,2023-06-16,1351,Shoes,Fashion,3348,4,13392,Jaipur,Credit Card,2023,6,June,2
10622,2024-10-18,1919,Shoes,Fashion,3343,2,6686,Shimla,UPI,2024,10,October,4
14594,2024-05-13,1368,Shoes,Fashion,3336,3,10008,Mumbai,Debit Card,2024,5,May,2
12615,2024-08-20,1031,Shoes,Fashion,3333,2,6666,Chandigarh,Credit Card,2024,8,August,3
13435,2023-04-19,1068,Shoes,Fashion,3331,1,3331,Jaipur,Cash on Delivery,2023,4,April,2
14688,2023-08-23,1355,Shoes,Fashion,3327,1,3327,Jaipur,Debit Card,2023,8,August,3
11150,2024-07-28,1964,Shoes,Fashion,3327,3,9981,Shimla,UPI,2024,7,July,3
12089,2024-09-13,1143,Shoes,Fashion,3324,1,3324,Chandigarh,Credit Card,2024,9,September,3
10395,2024-10-15,1112,Shoes,Fashion,3320,1,3320,Bangalore,Cash on Delivery,2024,10,October,4
10105,2023-03-04,1606,Shoes,Fashion,3315,4,13260,Jaipur,Cash on Delivery,2023,3,March,1
13304,2024-10-28,1169,Shoes,Fashion,3314,2,6628,Mumbai,Cash on Delivery,2024,10,October,4
12047,2024-08-07,1731,Shoes,Fashion,3311,2,6622,Bangalore,UPI,2024,8,August,3
13419,2024-09-29,1443,Shoes,Fashion,3306,4,13224,Delhi,Debit Card,2024,9,September,3
11264,2024-05-28,1275,Shoes,Fashion,3304,4,13216,Jaipur,Cash on Delivery,2024,5,May,2
10316,2024-11-18,1961,Shoes,Fashion,3302,2,6604,Bangalore,Cash on Delivery,2024,11,November,4
13391,2023-03-16,1867,Shoes,Fashion,3300,2,6600,Shimla,UPI,2023,3,March,1
13097,2024-10-23,1791,Shoes,Fashion,3298,1,3298,Mumbai,Credit Card,2024,10,October,4
12273,2023-10-14,1444,Shoes,Fashion,3295,3,9885,Mumbai,Debit Card,2023,10,October,4
13664,2024-12-26,1278,Shoes,Fashion,3294,3,9882,Chandigarh,UPI,2024,12,December,4
12412,2024-05-08,1983,Shoes,Fashion,3293,3,9879,Shimla,Credit Card,2024,5,May,2
13940,2023-10-01,1737,Shoes,Fashion,3293,2,6586,Bangalore,Cash on Delivery,2023,10,October,4
12513,2023-04-11,1658,Shoes,Fashion,3292,3,9876,Shimla,Cash on Delivery,2023,4,April,2
10123,2024-02-11,1642,Shoes,Fashion,3292,2,6584,Chandigarh,Debit Card,2024,2,February,1
12220,2024-01-09,1561,Shoes,Fashion,3289,2,6578,Bangalore,Debit Card,2024,1,January,1
11459,2023-12-15,1291,Shoes,Fashion,3288,3,9864,Mumbai,Credit Card,2023,12,December,4
12007,2024-01-19,1163,Shoes,Fashion,3287,2,6574,Chandigarh,Cash on Delivery,2024,1,January,1
13557,2023-01-01,1428,Shoes,Fashion,3284,2,6568,Delhi,Debit Card,2023,1,January,1
12898,2023-10-21,1892,Shoes,Fashion,3283,4,13132,Bangalore,Cash on Delivery,2023,10,October,4
10230,2023-07-22,1200,Shoes,Fashion,3277,2,6554,Jaipur,UPI,2023,7,July,3
12357,2023-09-23,1624,Shoes,Fashion,3274,1,3274,Bangalore,Cash on Delivery,2023,9,September,3
14881,2023-06-04,1329,Shoes,Fashion,3273,4,13092,Bangalore,Credit Card,2023,6,June,2
12823,2024-11-26,1253,Shoes,Fashion,3273,4,13092,Shimla,Cash on Delivery,2024,11,November,4
13529,2024-11-13,1902,Shoes,Fashion,3267,2,6534,Bangalore,UPI,2024,11,November,4
10720,2023-08-30,1834,Shoes,Fashion,3265,2,6530,Delhi,UPI,2023,8,August,3
11223,2023-02-24,1939,Shoes,Fashion,3261,3,9783,Jaipur,Debit Card,2023,2,February,1
10334,2024-03-28,1104,Shoes,Fashion,3260,3,9780,Mumbai,Debit Card,2024,3,March,1
13501,2024-05-13,1152,Shoes,Fashion,3260,1,3260,Bangalore,Credit Card,2024,5,May,2
13724,2024-03-30,1853,Shoes,Fashion,3258,2,6516,Chandigarh,Cash on Delivery,2024,3,March,1
13787,2024-04-09,1179,Shoes,Fashion,3255,4,13020,Delhi,Debit Card,2024,4,April,2
11372,2024-03-25,1347,Shoes,Fashion,3238,3,9714,Shimla,UPI,2024,3,March,1
14393,2024-01-12,1953,Shoes,Fashion,3238,4,12952,Chandigarh,Cash on Delivery,2024,1,January,1
10996,2024-10-03,1886,Shoes,Fashion,3235,1,3235,Mumbai,UPI,2024,10,October,4
10723,2023-04-29,1810,Shoes,Fashion,3228,4,12912,Mumbai,UPI,2023,4,April,2
11482,2024-11-27,1303,Shoes,Fashion,3228,3,9684,Bangalore,Cash on Delivery,2024,11,November,4
12460,2024-11-23,1567,Shoes,Fashion,3224,2,6448,Bangalore,Credit Card,2024,11,November,4
14537,2024-08-21,1991,Shoes,Fashion,3223,4,12892,Jaipur,Debit Card,2024,8,August,3
13046,2023-06-05,1231,Shoes,Fashion,3223,1,3223,Jaipur,Debit Card,2023,6,June,2
11497,2024-10-31,1803,Shoes,Fashion,3222,4,12888,Bangalore,Cash on Delivery,2024,10,October,4
11877,2023-11-28,1497,Shoes,Fashion,3220,3,9660,Jaipur,Cash on Delivery,2023,11,November,4
14692,2023-12-14,1173,Shoes,Fashion,3205,2,6410,Jaipur,Cash on Delivery,2023,12,December,4
14485,2023-01-21,1125,Shoes,Fashion,3204,4,12816,Jaipur,UPI,2023,1,January,1
14006,2024-09-20,1187,Shoes,Fashion,3199,1,3199,Chandigarh,UPI,2024,9,September,3
10526,2023-07-15,1896,Shoes,Fashion,3195,2,6390,Bangalore,Cash on Delivery,2023,7,July,3
14857,2023-03-15,1255,Shoes,Fashion,3188,4,12752,Delhi,UPI,2023,3,March,1
13114,2023-04-30,1890,Shoes,Fashion,3187,1,3187,Delhi,Debit Card,2023,4,April,2
13645,2024-12-03,1178,Shoes,Fashion,3184,4,12736,Bangalore,Debit Card,2024,12,December,4
14050,2023-06-03,1833,Shoes,Fashion,3180,2,6360,Shimla,UPI,2023,6,June,2
12267,2023-09-21,1600,Shoes,Fashion,3178,4,12712,Chandigarh,Credit Card,2023,9,September,3
14803,2023-08-18,1536,Shoes,Fashion,3176,2,6352,Mumbai,Credit Card,2023,8,August,3
12945,2023-10-24,1446,Shoes,Fashion,3169,3,9507,Bangalore,Credit Card,2023,10,October,4
11342,2023-10-19,1907,Shoes,Fashion,3166,1,3166,Chandigarh,Credit Card,2023,10,October,4
13986,2024-08-25,1614,Shoes,Fashion,3165,2,6330,Shimla,Cash on Delivery,2024,8,August,3
11136,2024-02-24,1095,Shoes,Fashion,3162,3,9486,Bangalore,Debit Card,2024,2,February,1
14589,2023-07-14,1687,Shoes,Fashion,3158,1,3158,Mumbai,Credit Card,2023,7,July,3
13284,2024-02-16,1206,Shoes,Fashion,3157,1,3157,Bangalore,Debit Card,2024,2,February,1
11107,2023-10-29,1339,Shoes,Fashion,3157,3,9471,Mumbai,Cash on Delivery,2023,10,October,4
13296,2024-07-16,1729,Shoes,Fashion,3152,2,6304,Shimla,UPI,2024,7,July,3
10111,2024-02-23,1844,Shoes,Fashion,3151,4,12604,Delhi,UPI,2024,2,February,1
11345,2023-05-29,1877,Shoes,Fashion,3151,4,12604,Bangalore,Cash on Delivery,2023,5,May,2
11207,2024-01-06,1796,Shoes,Fashion,3149,2,6298,Mumbai,Debit Card,2024,1,January,1
14987,2023-04-03,1992,Shoes,Fashion,3148,1,3148,Bangalore,Debit Card,2023,4,April,2
12671,2023-03-07,1367,Shoes,Fashion,3148,1,3148,Bangalore,UPI,2023,3,March,1
11765,2024-08-06,1725,Shoes,Fashion,3148,2,6296,Jaipur,Debit Card,2024,8,August,3
14783,2024-11-07,1129,Shoes,Fashion,3148,4,12592,Jaipur,UPI,2024,11,November,4
14301,2024-02-29,1596,Shoes,Fashion,3145,2,6290,Mumbai,Credit Card,2024,2,February,1
11844,2023-05-07,1434,Shoes,Fashion,3145,4,12580,Bangalore,Credit Card,2023,5,May,2
14899,2024-09-07,1781,Shoes,Fashion,3142,1,3142,Bangalore,Credit Card,2024,9,September,3
14924,2023-01-13,1742,Shoes,Fashion,3140,3,9420,Bangalore,Debit Card,2023,1,January,1
12718,2024-11-28,1728,Shoes,Fashion,3139,1,3139,Bangalore,Cash on Delivery,2024,11,November,4
12790,2023-09-17,1067,Shoes,Fashion,3139,1,3139,Delhi,Cash on Delivery,2023,9,September,3
14002,2024-08-23,1580,Shoes,Fashion,3137,4,12548,Jaipur,Cash on Delivery,2024,8,August,3
12591,2023-10-15,1735,Shoes,Fashion,3133,3,9399,Delhi,Debit Card,2023,10,October,4
12288,2024-06-25,1129,Shoes,Fashion,3132,3,9396,Jaipur,Cash on Delivery,2024,6,June,2
10352,2023-12-15,1608,Shoes,Fashion,3131,2,6262,Delhi,Cash on Delivery,2023,12,December,4
12815,2024-02-04,1577,Shoes,Fashion,3130,2,6260,Jaipur,Debit Card,2024,2,February,1
12252,2024-12-12,1966,Shoes,Fashion,3129,2,6258,Delhi,Credit Card,2024,12,December,4
13593,2024-01-15,1919,Shoes,Fashion,3126,1,3126,Bangalore,UPI,2024,1,January,1
11386,2024-05-12,1466,Shoes,Fashion,3123,3,9369,Mumbai,UPI,2024,5,May,2
14624,2024-09-20,1662,Shoes,Fashion,3123,2,6246,Shimla,Debit Card,2024,9,September,3
12524,2024-10-25,1872,Shoes,Fashion,3121,3,9363,Jaipur,Debit Card,2024,10,October,4
11667,2023-11-20,1621,Shoes,Fashion,3121,1,3121,Shimla,Credit Card,2023,11,November,4
13217,2024-03-07,1481,Shoes,Fashion,3120,2,6240,Bangalore,Debit Card,2024,3,March,1
10028,2024-04-04,1939,Shoes,Fashion,3116,1,3116,Mumbai,Credit Card,2024,4,April,2
10776,2023-08-24,1494,Shoes,Fashion,3115,2,6230,Shimla,Cash on Delivery,2023,8,August,3
13598,2024-03-25,1210,Shoes,Fashion,3115,1,3115,Chandigarh,UPI,2024,3,March,1
10459,2023-03-17,1738,Shoes,Fashion,3114,4,12456,Chandigarh,Debit Card,2023,3,March,1
14511,2024-09-13,1989,Shoes,Fashion,3112,3,9336,Bangalore,Debit Card,2024,9,September,3
13801,2024-10-26,1395,Shoes,Fashion,3110,3,9330,Delhi,Cash on Delivery,2024,10,October,4
14680,2024-10-05,1129,Shoes,Fashion,3109,2,6218,Mumbai,Credit Card,2024,10,October,4
10671,2023-08-15,1875,Shoes,Fashion,3106,2,6212,Delhi,Debit Card,2023,8,August,3
12170,2023-01-10,1229,Shoes,Fashion,3102,2,6204,Jaipur,UPI,2023,1,January,1
14375,2023-06-15,1081,Shoes,Fashion,3098,4,12392,Mumbai,Debit Card,2023,6,June,2
10794,2023-11-04,1098,Shoes,Fashion,3097,4,12388,Delhi,Cash on Delivery,2023,11,November,4
10957,2024-10-07,1648,Shoes,Fashion,3095,3,9285,Jaipur,Debit Card,2024,10,October,4
12680,2024-07-19,1924,Shoes,Fashion,3095,2,6190,Delhi,UPI,2024,7,July,3
10933,2024-10-23,1115,Shoes,Fashion,3094,1,3094,Bangalore,Cash on Delivery,2024,10,October,4
13508,2023-12-31,1683,Shoes,Fashion,3094,2,6188,Shimla,Credit Card,2023,12,December,4
13825,2023-02-28,1887,Shoes,Fashion,3089,1,3089,Bangalore,UPI,2023,2,February,1
11312,2023-12-22,1041,Shoes,Fashion,3084,2,6168,Mumbai,Debit Card,2023,12,December,4
12715,2024-05-29,1857,Shoes,Fashion,3083,1,3083,Jaipur,Credit Card,2024,5,May,2
14782,2024-01-27,1376,Shoes,Fashion,3082,1,3082,Bangalore,UPI,2024,1,January,1
10479,2023-09-11,1310,Shoes,Fashion,3082,3,9246,Jaipur,Debit Card,2023,9,September,3
11636,2024-06-07,1174,Shoes,Fashion,3081,1,3081,Bangalore,Cash on Delivery,2024,6,June,2
11129,2023-10-24,1205,Shoes,Fashion,3081,2,6162,Bangalore,Debit Card,2023,10,October,4
11146,2024-03-11,1876,Shoes,Fashion,3080,1,3080,Jaipur,Debit Card,2024,3,March,1
10814,2023-05-06,1783,Shoes,Fashion,3079,4,12316,Chandigarh,UPI,2023,5,May,2
14457,2023-09-09,1129,Shoes,Fashion,3079,4,12316,Chandigarh,UPI,2023,9,September,3
13302,2023-03-25,1930,Shoes,Fashion,3077,3,9231,Shimla,UPI,2023,3,March,1
14506,2023-11-07,1557,Shoes,Fashion,3074,2,6148,Delhi,UPI,2023,11,November,4
10725,2023-03-06,1095,Shoes,Fashion,3072,4,12288,Chandigarh,Debit Card,2023,3,March,1
13771,2024-11-05,1460,Shoes,Fashion,3069,1,3069,Jaipur,Cash on Delivery,2024,11,November,4
10932,2024-03-12,1581,Shoes,Fashion,3068,3,9204,Mumbai,Credit Card,2024,3,March,1
14844,2023-07-27,1215,Shoes,Fashion,3064,3,9192,Delhi,Cash on Delivery,2023,7,July,3
14183,2024-07-28,1822,Shoes,Fashion,3061,2,6122,Jaipur,Debit Card,2024,7,July,3
13368,2024-03-19,1414,Shoes,Fashion,3060,3,9180,Jaipur,Credit Card,2024,3,March,1
12982,2024-06-16,1904,Shoes,Fashion,3059,4,12236,Shimla,UPI,2024,6,June,2
13166,2024-03-06,1751,Shoes,Fashion,3055,2,6110,Shimla,UPI,2024,3,March,1
14229,2023-01-22,1214,Shoes,Fashion,3053,3,9159,Shimla,Cash on Delivery,2023,1,January,1
10203,2023-09-25,1886,Shoes,Fashion,3050,3,9150,Jaipur,Debit Card,2023,9,September,3
10169,2024-10-01,1625,Shoes,Fashion,3042,2,6084,Shimla,Credit Card,2024,10,October,4
14432,2024-01-22,1797,Shoes,Fashion,3042,1,3042,Shimla,Debit Card,2024,1,January,1
10702,2023-06-27,1918,Shoes,Fashion,3041,3,9123,Delhi,UPI,2023,6,June,2
10416,2024-09-04,1128,Shoes,Fashion,3040,4,12160,Mumbai,Credit Card,2024,9,September,3
10157,2023-08-31,1765,Shoes,Fashion,3039,1,3039,Bangalore,Cash on Delivery,2023,8,August,3
14113,2023-12-09,1248,Shoes,Fashion,3037,2,6074,Mumbai,Cash on Delivery,2023,12,December,4
14279,2024-02-08,1675,Shoes,Fashion,3037,3,9111,Shimla,Cash on Delivery,2024,2,February,1
10198,2024-11-22,1496,Shoes,Fashion,3033,3,9099,Mumbai,Debit Card,2024,11,November,4
12954,2023-07-29,1635,Shoes,Fashion,3033,4,12132,Delhi,Debit Card,2023,7,July,3
11229,2023-11-09,1343,Shoes,Fashion,3032,2,6064,Chandigarh,Credit Card,2023,11,November,4
10361,2023-09-10,1491,Shoes,Fashion,3032,4,12128,Mumbai,UPI,2023,9,September,3
13998,2024-06-29,1491,Shoes,Fashion,3032,4,12128,Shimla,Credit Card,2024,6,June,2
10171,2023-12-14,1275,Shoes,Fashion,3030,4,12120,Shimla,Cash on Delivery,2023,12,December,4
14180,2023-09-02,1494,Shoes,Fashion,3030,1,3030,Jaipur,UPI,2023,9,September,3
13100,2024-03-01,1903,Shoes,Fashion,3030,3,9090,Chandigarh,UPI,2024,3,March,1
12842,2024-10-27,1555,Shoes,Fashion,3029,3,9087,Mumbai,Debit Card,2024,10,October,4
10433,2024-10-18,1293,Shoes,Fashion,3027,4,12108,Bangalore,Credit Card,2024,10,October,4
13729,2023-01-31,1331,Shoes,Fashion,3024,2,6048,Mumbai,Cash on Delivery,2023,1,January,1
11336,2024-07-11,1262,Shoes,Fashion,3021,2,6042,Delhi,Cash on Delivery,2024,7,July,3
12164,2023-04-28,1615,Shoes,Fashion,3019,3,9057,Delhi,Cash on Delivery,2023,4,April,2
12382,2024-10-14,1247,Shoes,Fashion,3017,3,9051,Delhi,Credit Card,2024,10,October,4
13416,2023-03-18,1521,Shoes,Fashion,3013,1,3013,Delhi,Credit Card,2023,3,March,1
14576,2023-05-27,1790,Shoes,Fashion,3012,2,6024,Shimla,Debit Card,2023,5,May,2
10600,2023-03-15,1012,Shoes,Fashion,3007,1,3007,Jaipur,Cash on Delivery,2023,3,March,1
12411,2023-07-09,1531,Shoes,Fashion,3006,4,12024,Delhi,UPI,2023,7,July,3
14961,2023-11-05,1423,Shoes,Fashion,3005,1,3005,Shimla,Cash on Delivery,2023,11,November,4
11676,2023-04-30,1699,Shoes,Fashion,3003,1,3003,Delhi,UPI,2023,4,April,2
12767,2024-05-19,1156,Shoes,Fashion,3002,3,9006,Mumbai,Debit Card,2024,5,May,2
12781,2024-08-03,1198,Shoes,Fashion,3000,2,6000,Chandigarh,UPI,2024,8,August,3
10920,2024-08-17,1885,Shoes,Fashion,2996,3,8988,Bangalore,Credit Card,2024,8,August,3
14018,2024-11-23,1837,Shoes,Fashion,2991,1,2991,Mumbai,Cash on Delivery,2024,11,November,4
10626,2023-10-28,1326,Shoes,Fashion,2986,2,5972,Delhi,Credit Card,2023,10,October,4
13369,2024-02-23,1697,Shoes,Fashion,2983,3,8949,Delhi,Credit Card,2024,2,February,1
11532,2023-08-14,1154,Shoes,Fashion,2983,3,8949,Shimla,UPI,2023,8,August,3
12119,2023-11-20,1848,Shoes,Fashion,2979,2,5958,Bangalore,Credit Card,2023,11,November,4
13881,2024-07-12,1625,Shoes,Fashion,2977,3,8931,Mumbai,Cash on Delivery,2024,7,July,3
11064,2024-04-22,1184,Shoes,Fashion,2974,4,11896,Mumbai,Debit Card,2024,4,April,2
14413,2023-11-10,1900,Shoes,Fashion,2973,4,11892,Bangalore,Cash on Delivery,2023,11,November,4
12413,2023-09-20,1410,Shoes,Fashion,2969,4,11876,Shimla,Cash on Delivery,2023,9,September,3
14352,2023-11-11,1361,Shoes,Fashion,2967,2,5934,Bangalore,Debit Card,2023,11,November,4
10156,2024-11-29,1286,Shoes,Fashion,2966,1,2966,Delhi,UPI,2024,11,November,4
11561,2023-11-19,1363,Shoes,Fashion,2965,2,5930,Bangalore,Debit Card,2023,11,November,4
11271,2024-01-31,1986,Shoes,Fashion,2961,1,2961,Delhi,Credit Card,2024,1,January,1
14380,2024-02-23,1230,Shoes,Fashion,2959,1,2959,Mumbai,Cash on Delivery,2024,2,February,1
14901,2024-12-26,1432,Shoes,Fashion,2958,3,8874,Mumbai,UPI,2024,12,December,4
13532,2023-05-06,1553,Shoes,Fashion,2956,3,8868,Mumbai,Cash on Delivery,2023,5,May,2
14773,2024-03-12,1605,Shoes,Fashion,2944,4,11776,Jaipur,Debit Card,2024,3,March,1
14336,2024-04-25,1540,Shoes,Fashion,2943,4,11772,Mumbai,Debit Card,2024,4,April,2
14342,2023-02-28,1388,Shoes,Fashion,2940,4,11760,Bangalore,Credit Card,2023,2,February,1
10882,2023-11-08,1292,Shoes,Fashion,2934,1,2934,Bangalore,Cash on Delivery,2023,11,November,4
12397,2024-04-11,1796,Shoes,Fashion,2925,3,8775,Shimla,Credit Card,2024,4,April,2
14892,2024-05-25,1527,Shoes,Fashion,2925,3,8775,Delhi,Cash on Delivery,2024,5,May,2
10669,2023-08-17,1582,Shoes,Fashion,2917,4,11668,Shimla,Debit Card,2023,8,August,3
11650,2024-11-05,1333,Shoes,Fashion,2916,1,2916,Delhi,Cash on Delivery,2024,11,November,4
11065,2023-08-19,1467,Shoes,Fashion,2912,3,8736,Jaipur,UPI,2023,8,August,3
14747,2024-01-30,1378,Shoes,Fashion,2909,1,2909,Mumbai,Cash on Delivery,2024,1,January,1
10945,2023-05-17,1854,Shoes,Fashion,2906,2,5812,Shimla,Cash on Delivery,2023,5,May,2
10949,2023-08-17,1277,Shoes,Fashion,2902,4,11608,Bangalore,Debit Card,2023,8,August,3
12837,2023-05-28,1611,Shoes,Fashion,2896,1,2896,Delhi,Cash on Delivery,2023,5,May,2
11112,2024-09-07,1905,Shoes,Fashion,2893,1,2893,Mumbai,UPI,2024,9,September,3
12653,2023-12-28,1365,Shoes,Fashion,2892,3,8676,Bangalore,Cash on Delivery,2023,12,December,4
10421,2023-01-05,1898,Shoes,Fashion,2891,3,8673,Chandigarh,Credit Card,2023,1,January,1
12476,2024-07-17,1178,Shoes,Fashion,2890,4,11560,Bangalore,UPI,2024,7,July,3
13717,2024-07-06,1325,Shoes,Fashion,2885,2,5770,Jaipur,Debit Card,2024,7,July,3
11369,2024-04-26,1365,Shoes,Fashion,2881,4,11524,Mumbai,Credit Card,2024,4,April,2
12526,2024-10-06,1128,Shoes,Fashion,2877,2,5754,Shimla,Credit Card,2024,10,October,4
13559,2023-05-21,1997,Shoes,Fashion,2873,4,11492,Delhi,Cash on Delivery,2023,5,May,2
12106,2023-11-22,1521,Shoes,Fashion,2870,4,11480,Shimla,Debit Card,2023,11,November,4
13653,2023-10-17,1166,Shoes,Fashion,2868,3,8604,Bangalore,Credit Card,2023,10,October,4
14262,2023-07-16,1438,Shoes,Fashion,2866,1,2866,Delhi,Debit Card,2023,7,July,3
12194,2024-11-17,1686,Shoes,Fashion,2861,2,5722,Bangalore,UPI,2024,11,November,4
11219,2024-04-02,1071,Shoes,Fashion,2859,1,2859,Shimla,UPI,2024,4,April,2
14459,2024-07-02,1977,Shoes,Fashion,2856,1,2856,Bangalore,UPI,2024,7,July,3
14879,2023-10-15,1207,Shoes,Fashion,2849,2,5698,Delhi,Debit Card,2023,10,October,4
10228,2023-09-04,1627,Shoes,Fashion,2847,3,8541,Bangalore,Cash on Delivery,2023,9,September,3
12338,2024-11-08,1682,Shoes,Fashion,2843,2,5686,Bangalore,Debit Card,2024,11,November,4
13900,2024-01-25,1081,Shoes,Fashion,2842,4,11368,Delhi,Credit Card,2024,1,January,1
11444,2023-09-30,1426,Shoes,Fashion,2841,1,2841,Bangalore,Cash on Delivery,2023,9,September,3
11616,2024-10-28,1878,Shoes,Fashion,2836,4,11344,Chandigarh,Debit Card,2024,10,October,4
14918,2023-06-15,1588,Shoes,Fashion,2828,1,2828,Chandigarh,Debit Card,2023,6,June,2
13199,2023-08-02,1408,Shoes,Fashion,2827,3,8481,Chandigarh,UPI,2023,8,August,3
11945,2024-09-21,1872,Shoes,Fashion,2823,3,8469,Bangalore,Debit Card,2024,9,September,3
14573,2023-09-04,1411,Shoes,Fashion,2820,1,2820,Mumbai,UPI,2023,9,September,3
11502,2024-03-07,1454,Shoes,Fashion,2819,2,5638,Chandigarh,Debit Card,2024,3,March,1
10016,2023-04-10,1301,Shoes,Fashion,2819,2,5638,Shimla,UPI,2023,4,April,2
14930,2023-01-08,1700,Shoes,Fashion,2817,1,2817,Jaipur,Debit Card,2023,1,January,1
11321,2024-09-20,1941,Shoes,Fashion,2817,1,2817,Delhi,UPI,2024,9,September,3
10035,2024-05-25,1246,Shoes,Fashion,2813,2,5626,Shimla,Credit Card,2024,5,May,2
10427,2023-09-26,1627,Shoes,Fashion,2808,4,11232,Bangalore,Debit Card,2023,9,September,3
14958,2024-01-01,1271,Shoes,Fashion,2807,2,5614,Chandigarh,Cash on Delivery,2024,1,January,1
13828,2023-07-14,1522,Shoes,Fashion,2806,1,2806,Chandigarh,UPI,2023,7,July,3
12507,2023-06-22,1451,Shoes,Fashion,2806,2,5612,Chandigarh,Credit Card,2023,6,June,2
12961,2023-09-16,1007,Shoes,Fashion,2803,4,11212,Bangalore,UPI,2023,9,September,3
13620,2023-02-22,1026,Shoes,Fashion,2802,1,2802,Chandigarh,Credit Card,2023,2,February,1
10635,2024-12-14,1825,Shoes,Fashion,2802,4,11208,Mumbai,Debit Card,2024,12,December,4
11648,2024-03-23,1008,Shoes,Fashion,2802,1,2802,Chandigarh,UPI,2024,3,March,1
12011,2024-01-10,1548,Shoes,Fashion,2800,2,5600,Bangalore,UPI,2024,1,January,1
14818,2024-03-26,1559,Shoes,Fashion,2799,4,11196,Jaipur,Credit Card,2024,3,March,1
12639,2024-05-29,1985,Shoes,Fashion,2795,4,11180,Shimla,Credit Card,2024,5,May,2
12022,2023-07-12,1614,Shoes,Fashion,2794,2,5588,Jaipur,UPI,2023,7,July,3
14442,2023-10-22,1140,Shoes,Fashion,2792,1,2792,Shimla,Credit Card,2023,10,October,4
13201,2024-12-22,1907,Shoes,Fashion,2789,4,11156,Shimla,Cash on Delivery,2024,12,December,4
10856,2023-12-16,1062,Shoes,Fashion,2788,3,8364,Chandigarh,Cash on Delivery,2023,12,December,4
13921,2023-11-29,1659,Shoes,Fashion,2786,2,5572,Delhi,UPI,2023,11,November,4
11216,2023-09-21,1507,Shoes,Fashion,2784,4,11136,Delhi,Cash on Delivery,2023,9,September,3
11337,2024-07-29,1266,Shoes,Fashion,2783,2,5566,Chandigarh,Debit Card,2024,7,July,3
14060,2023-08-09,1906,Shoes,Fashion,2779,2,5558,Mumbai,Cash on Delivery,2023,8,August,3
11468,2023-11-07,1657,Shoes,Fashion,2778,2,5556,Bangalore,Debit Card,2023,11,November,4
11866,2024-07-02,1659,Shoes,Fashion,2775,3,8325,Mumbai,Credit Card,2024,7,July,3
14766,2023-03-02,1610,Shoes,Fashion,2775,4,11100,Mumbai,UPI,2023,3,March,1
14233,2024-01-10,1258,Shoes,Fashion,2773,1,2773,Mumbai,Credit Card,2024,1,January,1
12940,2023-09-25,1773,Shoes,Fashion,2772,1,2772,Delhi,Credit Card,2023,9,September,3
12956,2024-04-12,1739,Shoes,Fashion,2772,4,11088,Bangalore,UPI,2024,4,April,2
13297,2023-04-28,1784,Shoes,Fashion,2771,4,11084,Delhi,UPI,2023,4,April,2
11186,2024-12-01,1846,Shoes,Fashion,2766,3,8298,Delhi,UPI,2024,12,December,4
13696,2024-09-23,1195,Shoes,Fashion,2764,4,11056,Chandigarh,Cash on Delivery,2024,9,September,3
10998,2023-11-17,1003,Shoes,Fashion,2763,2,5526,Mumbai,Cash on Delivery,2023,11,November,4
14534,2023-10-12,1726,Shoes,Fashion,2763,1,2763,Shimla,Debit Card,2023,10,October,4
13321,2023-02-18,1560,Shoes,Fashion,2762,3,8286,Bangalore,Credit Card,2023,2,February,1
11638,2023-08-12,1690,Shoes,Fashion,2762,2,5524,Bangalore,Debit Card,2023,8,August,3
10969,2023-10-27,1852,Shoes,Fashion,2762,4,11048,Chandigarh,Cash on Delivery,2023,10,October,4
12685,2024-02-22,1273,Shoes,Fashion,2760,2,5520,Delhi,UPI,2024,2,February,1
10197,2023-08-21,1228,Shoes,Fashion,2759,2,5518,Mumbai,Credit Card,2023,8,August,3
11081,2023-08-16,1200,Shoes,Fashion,2754,2,5508,Delhi,Cash on Delivery,2023,8,August,3
12557,2024-04-07,1566,Shoes,Fashion,2754,1,2754,Mumbai,UPI,2024,4,April,2
10124,2024-07-27,1236,Shoes,Fashion,2752,2,5504,Chandigarh,Credit Card,2024,7,July,3
11792,2024-11-02,1591,Shoes,Fashion,2747,1,2747,Chandigarh,Cash on Delivery,2024,11,November,4
13184,2023-05-12,1486,Shoes,Fashion,2745,1,2745,Bangalore,Credit Card,2023,5,May,2
14832,2023-06-15,1949,Shoes,Fashion,2743,3,8229,Mumbai,Cash on Delivery,2023,6,June,2
14942,2023-06-04,1707,Shoes,Fashion,2739,1,2739,Jaipur,Credit Card,2023,6,June,2
10370,2024-11-16,1374,Shoes,Fashion,2734,1,2734,Jaipur,Debit Card,2024,11,November,4
13329,2024-03-13,1366,Shoes,Fashion,2733,3,8199,Jaipur,Cash on Delivery,2024,3,March,1
11541,2024-06-04,1746,Shoes,Fashion,2732,4,10928,Delhi,Cash on Delivery,2024,6,June,2
10674,2024-03-16,1124,Shoes,Fashion,2730,1,2730,Bangalore,Debit Card,2024,3,March,1
11297,2023-07-20,1923,Shoes,Fashion,2728,2,5456,Delhi,Credit Card,2023,7,July,3
10783,2024-07-31,1605,Shoes,Fashion,2727,2,5454,Bangalore,Cash on Delivery,2024,7,July,3
10815,2023-02-12,1240,Shoes,Fashion,2725,3,8175,Jaipur,UPI,2023,2,February,1
14387,2024-10-05,1873,Shoes,Fashion,2722,2,5444,Jaipur,Credit Card,2024,10,October,4
14575,2023-05-07,1618,Shoes,Fashion,2720,4,10880,Shimla,Cash on Delivery,2023,5,May,2
10055,2023-08-30,1398,Shoes,Fashion,2719,4,10876,Chandigarh,Debit Card,2023,8,August,3
12698,2023-01-20,1131,Shoes,Fashion,2716,1,2716,Shimla,Debit Card,2023,1,January,1
13995,2024-03-13,1897,Shoes,Fashion,2713,2,5426,Chandigarh,Cash on Delivery,2024,3,March,1
10448,2023-04-28,1624,Shoes,Fashion,2709,4,10836,Chandigarh,Credit Card,2023,4,April,2
14305,2024-08-05,1670,Shoes,Fashion,2702,2,5404,Chandigarh,Credit Card,2024,8,August,3
13244,2024-12-04,1677,Shoes,Fashion,2699,2,5398,Shimla,Debit Card,2024,12,December,4
12248,2024-06-22,1348,Shoes,Fashion,2695,1,2695,Delhi,Credit Card,2024,6,June,2
14304,2023-07-23,1187,Shoes,Fashion,2695,3,8085,Chandigarh,Debit Card,2023,7,July,3
13427,2023-11-01,1742,Shoes,Fashion,2683,4,10732,Mumbai,UPI,2023,11,November,4
13036,2024-10-23,1737,Shoes,Fashion,2678,1,2678,Chandigarh,Cash on Delivery,2024,10,October,4
14744,2024-12-16,1428,Shoes,Fashion,2677,4,10708,Delhi,Cash on Delivery,2024,12,December,4
10791,2023-12-01,1047,Shoes,Fashion,2672,2,5344,Delhi,Debit Card,2023,12,December,4
13464,2024-09-04,1896,Shoes,Fashion,2671,3,8013,Chandigarh,Cash on Delivery,2024,9,September,3
10816,2023-04-21,1754,Shoes,Fashion,2669,2,5338,Jaipur,Debit Card,2023,4,April,2
14569,2024-06-23,1132,Shoes,Fashion,2668,4,10672,Shimla,Credit Card,2024,6,June,2
14532,2024-12-26,1327,Shoes,Fashion,2666,2,5332,Bangalore,Cash on Delivery,2024,12,December,4
11134,2023-12-12,1439,Shoes,Fashion,2666,2,5332,Delhi,Credit Card,2023,12,December,4
10811,2023-02-22,1977,Shoes,Fashion,2665,3,7995,Shimla,UPI,2023,2,February,1
10741,2024-06-01,1149,Shoes,Fashion,2665,4,10660,Jaipur,Cash on Delivery,2024,6,June,2
12035,2023-01-01,1798,Shoes,Fashion,2664,3,7992,Mumbai,Credit Card,2023,1,January,1
10492,2023-12-02,1359,Shoes,Fashion,2659,2,5318,Delhi,Debit Card,2023,12,December,4
12165,2023-10-04,1518,Shoes,Fashion,2658,4,10632,Shimla,Debit Card,2023,10,October,4
10212,2023-04-23,1607,Shoes,Fashion,2655,2,5310,Chandigarh,UPI,2023,4,April,2
11987,2023-01-12,1620,Shoes,Fashion,2651,3,7953,Bangalore,Credit Card,2023,1,January,1
12635,2024-02-25,1443,Shoes,Fashion,2646,1,2646,Bangalore,Credit Card,2024,2,February,1
13306,2024-05-28,1934,Shoes,Fashion,2646,2,5292,Bangalore,Debit Card,2024,5,May,2
11689,2023-01-29,1024,Shoes,Fashion,2643,2,5286,Mumbai,Debit Card,2023,1,January,1
14884,2024-12-22,1304,Shoes,Fashion,2642,4,10568,Delhi,Credit Card,2024,12,December,4
12484,2024-07-07,1060,Shoes,Fashion,2641,2,5282,Jaipur,Credit Card,2024,7,July,3
11018,2024-07-25,1791,Shoes,Fashion,2637,3,7911,Shimla,Cash on Delivery,2024,7,July,3
12918,2024-09-19,1734,Shoes,Fashion,2621,2,5242,Delhi,UPI,2024,9,September,3
10072,2023-04-16,1844,Shoes,Fashion,2610,2,5220,Mumbai,Credit Card,2023,4,April,2
14143,2023-01-10,1598,Shoes,Fashion,2608,3,7824,Mumbai,Credit Card,2023,1,January,1
11971,2023-09-08,1142,Shoes,Fashion,2606,2,5212,Jaipur,Cash on Delivery,2023,9,September,3
13641,2023-02-22,1712,Shoes,Fashion,2605,4,10420,Mumbai,Cash on Delivery,2023,2,February,1
13387,2024-01-11,1401,Shoes,Fashion,2604,1,2604,Jaipur,Credit Card,2024,1,January,1
10505,2023-09-25,1958,Shoes,Fashion,2603,2,5206,Delhi,Credit Card,2023,9,September,3
10533,2024-02-24,1832,Shoes,Fashion,2602,4,10408,Shimla,Cash on Delivery,2024,2,February,1
12754,2023-07-17,1407,Shoes,Fashion,2602,1,2602,Chandigarh,Credit Card,2023,7,July,3
14310,2024-05-28,1560,Shoes,Fashion,2598,3,7794,Mumbai,UPI,2024,5,May,2
11588,2023-10-28,1909,Shoes,Fashion,2595,2,5190,Bangalore,Cash on Delivery,2023,10,October,4
10735,2024-09-01,1503,Shoes,Fashion,2594,3,7782,Delhi,Cash on Delivery,2024,9,September,3
14895,2023-03-05,1977,Shoes,Fashion,2594,4,10376,Jaipur,Debit Card,2023,3,March,1
13569,2024-12-03,1306,Shoes,Fashion,2594,2,5188,Jaipur,Debit Card,2024,12,December,4
12155,2023-03-25,1190,Shoes,Fashion,2593,2,5186,Chandigarh,UPI,2023,3,March,1
13966,2023-07-06,1410,Shoes,Fashion,2591,4,10364,Delhi,Debit Card,2023,7,July,3
14070,2023-09-28,1370,Shoes,Fashion,2590,4,10360,Jaipur,Credit Card,2023,9,September,3
11370,2023-07-20,1633,Shoes,Fashion,2585,2,5170,Shimla,Cash on Delivery,2023,7,July,3
13917,2024-09-11,1091,Shoes,Fashion,2577,3,7731,Delhi,UPI,2024,9,September,3
12907,2023-10-04,1363,Shoes,Fashion,2576,2,5152,Bangalore,Debit Card,2023,10,October,4
12103,2023-10-27,1972,Shoes,Fashion,2574,4,10296,Jaipur,Credit Card,2023,10,October,4
11568,2024-06-04,1721,Shoes,Fashion,2568,4,10272,Mumbai,Cash on Delivery,2024,6,June,2
13063,2024-09-20,1087,Shoes,Fashion,2565,1,2565,Mumbai,Credit Card,2024,9,September,3
11732,2023-07-27,1849,Shoes,Fashion,2565,1,2565,Shimla,UPI,2023,7,July,3
12315,2023-12-27,1341,Shoes,Fashion,2563,1,2563,Bangalore,UPI,2023,12,December,4
12888,2023-02-26,1153,Shoes,Fashion,2560,3,7680,Jaipur,Credit Card,2023,2,February,1
10251,2023-05-27,1719,Shoes,Fashion,2559,4,10236,Mumbai,UPI,2023,5,May,2
11728,2023-06-12,1708,Shoes,Fashion,2559,4,10236,Shimla,Cash on Delivery,2023,6,June,2
11220,2023-06-11,1246,Shoes,Fashion,2559,4,10236,Delhi,Credit Card,2023,6,June,2
10907,2024-08-02,1783,Shoes,Fashion,2557,2,5114,Delhi,UPI,2024,8,August,3
11873,2024-03-20,1936,Shoes,Fashion,2556,1,2556,Mumbai,Credit Card,2024,3,March,1
13926,2024-08-04,1313,Shoes,Fashion,2554,2,5108,Mumbai,Credit Card,2024,8,August,3
12139,2023-03-31,1183,Shoes,Fashion,2546,2,5092,Mumbai,Debit Card,2023,3,March,1
14032,2023-07-12,1260,Shoes,Fashion,2543,1,2543,Bangalore,Cash on Delivery,2023,7,July,3
10565,2023-08-21,1444,Shoes,Fashion,2531,4,10124,Shimla,Cash on Delivery,2023,8,August,3
10609,2024-01-28,1750,Shoes,Fashion,2527,2,5054,Mumbai,Debit Card,2024,1,January,1
13415,2024-01-04,1393,Shoes,Fashion,2526,3,7578,Bangalore,Debit Card,2024,1,January,1
10158,2023-03-27,1724,Shoes,Fashion,2525,1,2525,Shimla,Cash on Delivery,2023,3,March,1
14613,2023-11-10,1973,Shoes,Fashion,2523,2,5046,Jaipur,Credit Card,2023,11,November,4
14635,2023-12-02,1694,Shoes,Fashion,2522,1,2522,Delhi,UPI,2023,12,December,4
13856,2023-07-18,1550,Shoes,Fashion,2522,1,2522,Delhi,Debit Card,2023,7,July,3
14337,2023-12-18,1390,Shoes,Fashion,2520,1,2520,Chandigarh,Credit Card,2023,12,December,4
11841,2023-01-22,1882,Shoes,Fashion,2515,4,10060,Delhi,Debit Card,2023,1,January,1
13732,2023-11-25,1656,Shoes,Fashion,2515,3,7545,Delhi,Debit Card,2023,11,November,4
10312,2023-07-14,1146,Shoes,Fashion,2512,4,10048,Chandigarh,Debit Card,2023,7,July,3
14230,2023-11-09,1966,Shoes,Fashion,2512,4,10048,Chandigarh,Cash on Delivery,2023,11,November,4
14633,2024-05-19,1393,Shoes,Fashion,2508,4,10032,Delhi,Cash on Delivery,2024,5,May,2
13969,2023-04-03,1550,Shoes,Fashion,2505,1,2505,Bangalore,Credit Card,2023,4,April,2
14011,2023-12-25,1113,Shoes,Fashion,2504,3,7512,Delhi,Cash on Delivery,2023,12,December,4
14651,2024-10-19,1442,Headphones,Electronics,2499,2,4998,Mumbai,Credit Card,2024,10,October,4
13072,2023-04-25,1176,Headphones,Electronics,2498,2,4996,Chandigarh,UPI,2023,4,April,2
11244,2023-10-15,1128,Headphones,Electronics,2498,3,7494,Delhi,Debit Card,2023,10,October,4
12026,2024-03-02,1852,Headphones,Electronics,2496,3,7488,Delhi,Debit Card,2024,3,March,1
12934,2024-01-14,1018,Headphones,Electronics,2491,3,7473,Mumbai,Debit Card,2024,1,January,1
13456,2023-04-14,1944,Headphones,Electronics,2485,1,2485,Bangalore,Debit Card,2023,4,April,2
13570,2023-04-14,1663,Headphones,Electronics,2484,1,2484,Shimla,Credit Card,2023,4,April,2
12093,2024-03-25,1583,Headphones,Electronics,2482,1,2482,Jaipur,Credit Card,2024,3,March,1
12847,2023-11-10,1191,Headphones,Electronics,2481,1,2481,Shimla,UPI,2023,11,November,4
13420,2024-05-14,1127,Headphones,Electronics,2481,1,2481,Delhi,UPI,2024,5,May,2
13777,2024-06-19,1261,Headphones,Electronics,2479,3,7437,Delhi,Debit Card,2024,6,June,2
13277,2023-11-20,1973,Headphones,Electronics,2478,4,9912,Mumbai,Cash on Delivery,2023,11,November,4
10145,2024-07-17,1176,Headphones,Electronics,2473,3,7419,Delhi,UPI,2024,7,July,3
13929,2024-08-02,1921,Headphones,Electronics,2473,1,2473,Delhi,Credit Card,2024,8,August,3
14638,2023-12-30,1078,Headphones,Electronics,2466,4,9864,Bangalore,Debit Card,2023,12,December,4
11048,2024-05-17,1380,Headphones,Electronics,2458,3,7374,Bangalore,Cash on Delivery,2024,5,May,2
14656,2024-10-09,1496,Headphones,Electronics,2458,2,4916,Mumbai,Credit Card,2024,10,October,4
12104,2023-02-12,1006,Headphones,Electronics,2443,4,9772,Delhi,Cash on Delivery,2023,2,February,1
14505,2023-06-02,1947,Headphones,Electronics,2442,4,9768,Shimla,Cash on Delivery,2023,6,June,2
10587,2024-11-23,1985,Headphones,Electronics,2441,4,9764,Delhi,Credit Card,2024,11,November,4
12398,2023-12-11,1916,Headphones,Electronics,2440,2,4880,Mumbai,Cash on Delivery,2023,12,December,4
14856,2024-03-25,1941,Headphones,Electronics,2440,2,4880,Chandigarh,UPI,2024,3,March,1
13080,2024-07-11,1524,Headphones,Electronics,2438,3,7314,Bangalore,Cash on Delivery,2024,7,July,3
14114,2023-11-02,1510,Headphones,Electronics,2438,1,2438,Delhi,Cash on Delivery,2023,11,November,4
11409,2024-04-29,1558,Headphones,Electronics,2438,4,9752,Bangalore,Cash on Delivery,2024,4,April,2
11428,2024-01-26,1390,Headphones,Electronics,2437,4,9748,Bangalore,UPI,2024,1,January,1
14157,2023-03-29,1825,Headphones,Electronics,2436,4,9744,Delhi,Cash on Delivery,2023,3,March,1
12651,2023-04-21,1343,Headphones,Electronics,2432,1,2432,Mumbai,Debit Card,2023,4,April,2
11405,2023-12-05,1946,Headphones,Electronics,2431,4,9724,Jaipur,Cash on Delivery,2023,12,December,4
12482,2024-07-07,1491,Headphones,Electronics,2422,1,2422,Bangalore,Cash on Delivery,2024,7,July,3
10369,2023-11-19,1471,Headphones,Electronics,2421,2,4842,Delhi,Credit Card,2023,11,November,4
11611,2023-12-11,1889,Headphones,Electronics,2419,1,2419,Bangalore,Cash on Delivery,2023,12,December,4
12306,2024-04-04,1487,Headphones,Electronics,2409,3,7227,Shimla,Cash on Delivery,2024,4,April,2
10138,2023-07-26,1543,Headphones,Electronics,2401,3,7203,Chandigarh,Cash on Delivery,2023,7,July,3
14483,2024-10-06,1025,Headphones,Electronics,2393,1,2393,Delhi,UPI,2024,10,October,4
13245,2024-05-08,1398,Headphones,Electronics,2392,2,4784,Delhi,UPI,2024,5,May,2
10700,2024-11-28,1003,Headphones,Electronics,2390,2,4780,Jaipur,Credit Card,2024,11,November,4
13048,2024-03-29,1212,Headphones,Electronics,2389,2,4778,Jaipur,UPI,2024,3,March,1
14581,2024-08-06,1116,Headphones,Electronics,2389,3,7167,Delhi,Debit Card,2024,8,August,3
10308,2023-10-04,1870,Headphones,Electronics,2388,2,4776,Bangalore,UPI,2023,10,October,4
10367,2024-07-19,1587,Headphones,Electronics,2388,3,7164,Mumbai,UPI,2024,7,July,3
10200,2024-05-11,1472,Headphones,Electronics,2386,4,9544,Bangalore,UPI,2024,5,May,2
12761,2023-03-19,1265,Headphones,Electronics,2384,3,7152,Jaipur,Debit Card,2023,3,March,1
10058,2023-12-06,1974,Headphones,Electronics,2382,3,7146,Chandigarh,UPI,2023,12,December,4
13994,2023-09-22,1050,Headphones,Electronics,2379,2,4758,Chandigarh,Credit Card,2023,9,September,3
10489,2023-11-21,1751,Headphones,Electronics,2378,2,4756,Jaipur,Debit Card,2023,11,November,4
13359,2023-01-07,1635,Headphones,Electronics,2377,3,7131,Mumbai,UPI,2023,1,January,1
12728,2023-11-15,1449,Headphones,Electronics,2373,1,2373,Jaipur,UPI,2023,11,November,4
10408,2023-11-10,1851,Headphones,Electronics,2373,4,9492,Jaipur,UPI,2023,11,November,4
12234,2024-09-12,1700,Headphones,Electronics,2369,3,7107,Shimla,Credit Card,2024,9,September,3
11515,2023-12-10,1663,Headphones,Electronics,2368,3,7104,Shimla,UPI,2023,12,December,4
12151,2023-08-29,1904,Headphones,Electronics,2364,3,7092,Delhi,Credit Card,2023,8,August,3
14740,2023-02-09,1197,Headphones,Electronics,2358,1,2358,Mumbai,UPI,2023,2,February,1
14590,2023-11-26,1960,Headphones,Electronics,2356,2,4712,Jaipur,Debit Card,2023,11,November,4
11085,2023-06-06,1737,Headphones,Electronics,2354,2,4708,Shimla,Debit Card,2023,6,June,2
11823,2024-02-20,1918,Headphones,Electronics,2354,3,7062,Bangalore,Cash on Delivery,2024,2,February,1
12506,2023-03-20,1813,Headphones,Electronics,2352,2,4704,Bangalore,Cash on Delivery,2023,3,March,1
14655,2023-07-13,1703,Headphones,Electronics,2350,4,9400,Jaipur,Cash on Delivery,2023,7,July,3
13164,2023-10-28,1254,Headphones,Electronics,2348,4,9392,Shimla,Debit Card,2023,10,October,4
13257,2024-03-31,1999,Headphones,Electronics,2347,2,4694,Bangalore,Cash on Delivery,2024,3,March,1
14588,2023-01-19,1665,Headphones,Electronics,2343,3,7029,Chandigarh,Credit Card,2023,1,January,1
12136,2023-01-02,1687,Headphones,Electronics,2343,3,7029,Jaipur,UPI,2023,1,January,1
14038,2023-09-13,1655,Headphones,Electronics,2342,4,9368,Bangalore,UPI,2023,9,September,3
13062,2023-11-09,1765,Headphones,Electronics,2341,3,7023,Bangalore,Debit Card,2023,11,November,4
14167,2024-05-23,1535,Headphones,Electronics,2339,2,4678,Bangalore,Cash on Delivery,2024,5,May,2
14866,2024-06-23,1497,Headphones,Electronics,2337,2,4674,Bangalore,Credit Card,2024,6,June,2
14256,2023-02-02,1055,Headphones,Electronics,2335,3,7005,Chandigarh,Debit Card,2023,2,February,1
12573,2024-11-23,1545,Headphones,Electronics,2331,4,9324,Chandigarh,UPI,2024,11,November,4
12241,2023-03-11,1000,Headphones,Electronics,2329,2,4658,Chandigarh,Cash on Delivery,2023,3,March,1
11009,2023-11-30,1991,Headphones,Electronics,2321,1,2321,Chandigarh,Debit Card,2023,11,November,4
11288,2024-12-21,1199,Headphones,Electronics,2320,4,9280,Delhi,UPI,2024,12,December,4
14080,2024-06-19,1497,Headphones,Electronics,2320,3,6960,Mumbai,Credit Card,2024,6,June,2
13751,2024-06-16,1722,Headphones,Electronics,2309,2,4618,Chandigarh,Debit Card,2024,6,June,2
13549,2023-11-23,1372,Headphones,Electronics,2305,2,4610,Bangalore,Credit Card,2023,11,November,4
11723,2024-05-21,1431,Headphones,Electronics,2305,4,9220,Bangalore,Cash on Delivery,2024,5,May,2
10080,2023-09-27,1443,Headphones,Electronics,2302,2,4604,Jaipur,UPI,2023,9,September,3
13390,2024-08-01,1419,Headphones,Electronics,2301,1,2301,Delhi,UPI,2024,8,August,3
10008,2024-09-06,1375,Headphones,Electronics,2290,2,4580,Shimla,Cash on Delivery,2024,9,September,3
10749,2024-12-14,1315,Headphones,Electronics,2290,2,4580,Delhi,Cash on Delivery,2024,12,December,4
11000,2024-09-04,1409,Headphones,Electronics,2289,2,4578,Bangalore,UPI,2024,9,September,3
14965,2023-12-16,1020,Headphones,Electronics,2289,4,9156,Mumbai,Debit Card,2023,12,December,4
14421,2024-10-11,1288,Headphones,Electronics,2288,3,6864,Shimla,UPI,2024,10,October,4
14205,2023-11-11,1242,Headphones,Electronics,2286,3,6858,Delhi,Cash on Delivery,2023,11,November,4
13134,2024-08-20,1087,Headphones,Electronics,2284,4,9136,Delhi,UPI,2024,8,August,3
10897,2023-09-30,1310,Headphones,Electronics,2283,3,6849,Mumbai,Cash on Delivery,2023,9,September,3
10457,2024-08-03,1660,Headphones,Electronics,2273,1,2273,Bangalore,UPI,2024,8,August,3
11806,2024-10-27,1235,Headphones,Electronics,2270,1,2270,Bangalore,Cash on Delivery,2024,10,October,4
11839,2024-01-25,1465,Headphones,Electronics,2269,4,9076,Bangalore,Credit Card,2024,1,January,1
14826,2024-11-29,1993,Headphones,Electronics,2267,2,4534,Jaipur,Credit Card,2024,11,November,4
13674,2024-09-24,1000,Headphones,Electronics,2264,3,6792,Chandigarh,Cash on Delivery,2024,9,September,3
11716,2024-08-26,1993,Headphones,Electronics,2261,1,2261,Delhi,UPI,2024,8,August,3
14010,2024-09-16,1009,Headphones,Electronics,2258,4,9032,Mumbai,Credit Card,2024,9,September,3
13586,2023-05-03,1640,Headphones,Electronics,2255,4,9020,Bangalore,UPI,2023,5,May,2
14257,2023-11-14,1546,Headphones,Electronics,2254,4,9016,Delhi,Cash on Delivery,2023,11,November,4
11908,2023-01-21,1428,Headphones,Electronics,2253,4,9012,Chandigarh,Cash on Delivery,2023,1,January,1
14675,2024-11-24,1028,Headphones,Electronics,2252,3,6756,Shimla,Debit Card,2024,11,November,4
13195,2023-12-27,1335,Headphones,Electronics,2242,1,2242,Bangalore,Debit Card,2023,12,December,4
11552,2023-06-09,1258,Headphones,Electronics,2239,1,2239,Delhi,Debit Card,2023,6,June,2
14061,2024-07-06,1455,Headphones,Electronics,2239,2,4478,Delhi,Debit Card,2024,7,July,3
10964,2024-12-15,1477,Headphones,Electronics,2237,1,2237,Chandigarh,Cash on Delivery,2024,12,December,4
10277,2023-08-21,1415,Headphones,Electronics,2236,3,6708,Bangalore,UPI,2023,8,August,3
10778,2024-02-05,1585,Headphones,Electronics,2236,2,4472,Chandigarh,Credit Card,2024,2,February,1
12716,2024-12-28,1947,Headphones,Electronics,2235,3,6705,Chandigarh,UPI,2024,12,December,4
10962,2024-03-16,1146,Headphones,Electronics,2230,4,8920,Mumbai,Credit Card,2024,3,March,1
11862,2023-11-03,1812,Headphones,Electronics,2224,3,6672,Delhi,Cash on Delivery,2023,11,November,4
10313,2024-02-05,1183,Headphones,Electronics,2224,4,8896,Jaipur,Credit Card,2024,2,February,1
11972,2023-11-30,1610,Headphones,Electronics,2219,1,2219,Shimla,Debit Card,2023,11,November,4
14622,2023-07-26,1277,Headphones,Electronics,2217,1,2217,Delhi,UPI,2023,7,July,3
14625,2024-02-20,1943,Headphones,Electronics,2216,3,6648,Mumbai,UPI,2024,2,February,1
10106,2023-05-19,1309,Headphones,Electronics,2210,2,4420,Delhi,Cash on Delivery,2023,5,May,2
14294,2023-11-21,1811,Headphones,Electronics,2209,1,2209,Chandigarh,Debit Card,2023,11,November,4
14556,2023-10-16,1790,Headphones,Electronics,2208,3,6624,Chandigarh,Credit Card,2023,10,October,4
10083,2024-04-06,1226,Headphones,Electronics,2206,4,8824,Shimla,Credit Card,2024,4,April,2
11810,2023-03-31,1793,Headphones,Electronics,2202,3,6606,Chandigarh,Debit Card,2023,3,March,1
11894,2024-05-26,1663,Headphones,Electronics,2202,4,8808,Mumbai,Cash on Delivery,2024,5,May,2
13242,2024-07-04,1376,Headphones,Electronics,2198,4,8792,Bangalore,Debit Card,2024,7,July,3
12501,2023-08-20,1692,Headphones,Electronics,2197,2,4394,Delhi,UPI,2023,8,August,3
10024,2024-01-21,1127,Headphones,Electronics,2195,4,8780,Mumbai,Cash on Delivery,2024,1,January,1
13108,2023-03-14,1012,Headphones,Electronics,2193,2,4386,Mumbai,Debit Card,2023,3,March,1
10820,2024-01-09,1857,Headphones,Electronics,2189,2,4378,Bangalore,Credit Card,2024,1,January,1
10048,2023-01-21,1088,Headphones,Electronics,2185,1,2185,Mumbai,Cash on Delivery,2023,1,January,1
11352,2023-08-15,1820,Headphones,Electronics,2185,2,4370,Mumbai,Credit Card,2023,8,August,3
14249,2024-02-05,1628,Headphones,Electronics,2184,3,6552,Mumbai,Debit Card,2024,2,February,1
10561,2023-06-26,1365,Headphones,Electronics,2181,4,8724,Delhi,UPI,2023,6,June,2
11180,2024-11-19,1371,Headphones,Electronics,2178,3,6534,Shimla,Debit Card,2024,11,November,4
10149,2023-08-19,1254,Headphones,Electronics,2177,2,4354,Mumbai,Cash on Delivery,2023,8,August,3
12468,2024-01-30,1892,Headphones,Electronics,2175,3,6525,Shimla,Debit Card,2024,1,January,1
13788,2023-04-14,1065,Headphones,Electronics,2169,1,2169,Chandigarh,UPI,2023,4,April,2
14567,2024-12-13,1688,Headphones,Electronics,2166,4,8664,Delhi,Cash on Delivery,2024,12,December,4
10288,2024-08-09,1613,Headphones,Electronics,2163,4,8652,Chandigarh,Debit Card,2024,8,August,3
10566,2023-03-17,1654,Headphones,Electronics,2160,3,6480,Chandigarh,Debit Card,2023,3,March,1
10026,2023-10-04,1919,Headphones,Electronics,2159,1,2159,Shimla,Credit Card,2023,10,October,4
10043,2023-09-01,1183,Headphones,Electronics,2151,1,2151,Delhi,UPI,2023,9,September,3
13194,2023-12-13,1615,Headphones,Electronics,2147,4,8588,Mumbai,Debit Card,2023,12,December,4
13794,2024-11-29,1366,Headphones,Electronics,2145,2,4290,Delhi,UPI,2024,11,November,4
13261,2023-08-28,1971,Headphones,Electronics,2144,3,6432,Shimla,Credit Card,2023,8,August,3
11669,2023-07-11,1951,Headphones,Electronics,2143,1,2143,Mumbai,Cash on Delivery,2023,7,July,3
14868,2023-07-10,1383,Headphones,Electronics,2141,4,8564,Shimla,UPI,2023,7,July,3
10718,2024-03-25,1890,Headphones,Electronics,2139,3,6417,Shimla,Cash on Delivery,2024,3,March,1
13964,2023-02-08,1441,Headphones,Electronics,2135,3,6405,Jaipur,UPI,2023,2,February,1
10444,2024-09-25,1888,Headphones,Electronics,2131,4,8524,Jaipur,UPI,2024,9,September,3
12634,2024-11-13,1214,Headphones,Electronics,2131,4,8524,Jaipur,Credit Card,2024,11,November,4
11527,2023-08-31,1969,Headphones,Electronics,2122,1,2122,Mumbai,Debit Card,2023,8,August,3
10314,2024-10-01,1997,Headphones,Electronics,2122,3,6366,Mumbai,UPI,2024,10,October,4
10117,2023-01-28,1119,Headphones,Electronics,2119,2,4238,Mumbai,Credit Card,2023,1,January,1
12275,2023-11-07,1021,Headphones,Electronics,2118,4,8472,Jaipur,Cash on Delivery,2023,11,November,4
14514,2023-11-10,1254,Headphones,Electronics,2118,2,4236,Chandigarh,Cash on Delivery,2023,11,November,4
12499,2023-01-10,1390,Headphones,Electronics,2115,4,8460,Delhi,Debit Card,2023,1,January,1
14932,2023-10-23,1016,Headphones,Electronics,2114,4,8456,Mumbai,Debit Card,2023,10,October,4
13163,2023-01-08,1354,Headphones,Electronics,2113,3,6339,Shimla,Debit Card,2023,1,January,1
12762,2023-05-04,1117,Headphones,Electronics,2111,3,6333,Chandigarh,Cash on Delivery,2023,5,May,2
14417,2023-12-04,1556,Headphones,Electronics,2109,4,8436,Mumbai,Credit Card,2023,12,December,4
12528,2023-10-04,1750,Headphones,Electronics,2099,3,6297,Bangalore,UPI,2023,10,October,4
13207,2024-04-11,1520,Headphones,Electronics,2098,2,4196,Delhi,UPI,2024,4,April,2
12324,2023-11-07,1877,Headphones,Electronics,2098,3,6294,Delhi,UPI,2023,11,November,4
12494,2023-05-10,1170,Headphones,Electronics,2097,2,4194,Mumbai,Debit Card,2023,5,May,2
10605,2023-06-23,1398,Headphones,Electronics,2096,3,6288,Shimla,Cash on Delivery,2023,6,June,2
10695,2023-05-02,1901,Headphones,Electronics,2095,2,4190,Delhi,UPI,2023,5,May,2
12061,2024-10-05,1725,Headphones,Electronics,2095,1,2095,Mumbai,Debit Card,2024,10,October,4
11480,2023-11-14,1528,Headphones,Electronics,2094,2,4188,Chandigarh,UPI,2023,11,November,4
11629,2024-10-31,1348,Headphones,Electronics,2093,4,8372,Bangalore,UPI,2024,10,October,4
10910,2023-08-21,1949,Headphones,Electronics,2090,4,8360,Bangalore,Cash on Delivery,2023,8,August,3
13897,2023-10-04,1634,Headphones,Electronics,2087,3,6261,Delhi,Cash on Delivery,2023,10,October,4
12916,2023-03-20,1962,Headphones,Electronics,2087,2,4174,Delhi,UPI,2023,3,March,1
10874,2023-01-28,1662,Headphones,Electronics,2085,1,2085,Chandigarh,UPI,2023,1,January,1
11508,2023-07-06,1598,Headphones,Electronics,2083,1,2083,Chandigarh,Cash on Delivery,2023,7,July,3
14628,2023-01-25,1945,Headphones,Electronics,2082,3,6246,Chandigarh,Cash on Delivery,2023,1,January,1
11325,2024-10-07,1937,Headphones,Electronics,2080,2,4160,Chandigarh,Cash on Delivery,2024,10,October,4
12115,2023-05-04,1284,Headphones,Electronics,2078,4,8312,Bangalore,UPI,2023,5,May,2
12492,2024-02-29,1585,Headphones,Electronics,2072,4,8288,Jaipur,UPI,2024,2,February,1
14326,2024-02-07,1513,Headphones,Electronics,2071,2,4142,Chandigarh,Cash on Delivery,2024,2,February,1
11195,2023-02-01,1109,Headphones,Electronics,2066,4,8264,Mumbai,Credit Card,2023,2,February,1
11024,2023-06-14,1295,Headphones,Electronics,2065,4,8260,Mumbai,UPI,2023,6,June,2
14487,2024-03-30,1564,Headphones,Electronics,2061,4,8244,Bangalore,Cash on Delivery,2024,3,March,1
13510,2023-02-17,1865,Headphones,Electronics,2059,3,6177,Chandigarh,Cash on Delivery,2023,2,February,1
12323,2024-04-10,1250,Headphones,Electronics,2056,1,2056,Shimla,Cash on Delivery,2024,4,April,2
14424,2024-09-30,1541,Headphones,Electronics,2054,1,2054,Delhi,UPI,2024,9,September,3
14587,2024-04-25,1928,Headphones,Electronics,2052,1,2052,Mumbai,UPI,2024,4,April,2
12466,2024-05-11,1802,Headphones,Electronics,2051,3,6153,Mumbai,UPI,2024,5,May,2
12291,2023-12-14,1934,Headphones,Electronics,2050,4,8200,Shimla,Credit Card,2023,12,December,4
14477,2023-01-03,1453,Headphones,Electronics,2047,4,8188,Chandigarh,Debit Card,2023,1,January,1
11941,2023-10-14,1020,Headphones,Electronics,2047,1,2047,Shimla,Credit Card,2023,10,October,4
12453,2024-02-27,1470,Headphones,Electronics,2046,3,6138,Bangalore,Cash on Delivery,2024,2,February,1
10062,2024-03-03,1524,Headphones,Electronics,2045,4,8180,Jaipur,Cash on Delivery,2024,3,March,1
10673,2024-06-15,1102,Headphones,Electronics,2043,3,6129,Jaipur,UPI,2024,6,June,2
14137,2024-03-18,1833,Headphones,Electronics,2036,3,6108,Delhi,Debit Card,2024,3,March,1
13592,2023-06-11,1923,Headphones,Electronics,2034,3,6102,Mumbai,Debit Card,2023,6,June,2
14985,2023-04-20,1965,Headphones,Electronics,2031,1,2031,Jaipur,Debit Card,2023,4,April,2
10981,2023-03-31,1193,Headphones,Electronics,2031,2,4062,Bangalore,UPI,2023,3,March,1
14982,2023-08-24,1933,Headphones,Electronics,2029,2,4058,Chandigarh,Debit Card,2023,8,August,3
14802,2023-03-18,1659,Headphones,Electronics,2028,1,2028,Bangalore,Cash on Delivery,2023,3,March,1
14951,2023-08-22,1444,Headphones,Electronics,2023,2,4046,Jaipur,Credit Card,2023,8,August,3
12184,2024-06-14,1698,Headphones,Electronics,2022,1,2022,Shimla,Cash on Delivery,2024,6,June,2
12367,2024-03-11,1188,Headphones,Electronics,2021,2,4042,Chandigarh,UPI,2024,3,March,1
10337,2024-06-30,1699,Headphones,Electronics,2013,3,6039,Shimla,UPI,2024,6,June,2
11605,2023-12-19,1052,Headphones,Electronics,2012,3,6036,Jaipur,Cash on Delivery,2023,12,December,4
11569,2024-04-07,1195,Headphones,Electronics,2008,3,6024,Mumbai,Debit Card,2024,4,April,2
10327,2023-10-10,1675,Headphones,Electronics,2004,4,8016,Bangalore,Debit Card,2023,10,October,4
10535,2023-10-04,1190,Headphones,Electronics,2002,4,8008,Mumbai,UPI,2023,10,October,4
13766,2024-06-08,1478,Headphones,Electronics,2001,3,6003,Delhi,Debit Card,2024,6,June,2
10342,2023-06-21,1354,Headphones,Electronics,2001,1,2001,Mumbai,Cash on Delivery,2023,6,June,2
12313,2023-04-24,1874,Backpack,Accessories,1999,2,3998,Chandigarh,Debit Card,2023,4,April,2
14673,2023-11-19,1603,Backpack,Accessories,1999,2,3998,Jaipur,Cash on Delivery,2023,11,November,4
12113,2023-12-02,1214,Backpack,Accessories,1998,1,1998,Jaipur,Debit Card,2023,12,December,4
12707,2023-02-26,1204,Headphones,Electronics,1997,2,3994,Mumbai,UPI,2023,2,February,1
12924,2024-03-22,1937,Backpack,Accessories,1997,1,1997,Shimla,Cash on Delivery,2024,3,March,1
10841,2024-10-06,1590,Headphones,Electronics,1995,1,1995,Jaipur,Cash on Delivery,2024,10,October,4
11354,2023-04-08,1719,Backpack,Accessories,1992,2,3984,Bangalore,UPI,2023,4,April,2
10934,2023-10-04,1238,Backpack,Accessories,1992,1,1992,Chandigarh,UPI,2023,10,October,4
10426,2024-10-17,1432,Backpack,Accessories,1990,1,1990,Bangalore,UPI,2024,10,October,4
11399,2024-07-22,1499,Headphones,Electronics,1989,1,1989,Delhi,UPI,2024,7,July,3
14260,2023-01-19,1309,Headphones,Electronics,1988,3,5964,Mumbai,UPI,2023,1,January,1
10857,2023-04-17,1252,Headphones,Electronics,1988,1,1988,Shimla,Credit Card,2023,4,April,2
11756,2023-09-30,1373,Backpack,Accessories,1986,4,7944,Jaipur,Debit Card,2023,9,September,3
12443,2023-07-02,1960,Backpack,Accessories,1985,2,3970,Shimla,UPI,2023,7,July,3
11117,2024-04-04,1727,Backpack,Accessories,1984,3,5952,Bangalore,Credit Card,2024,4,April,2
10177,2024-01-12,1480,Headphones,Electronics,1984,2,3968,Delhi,UPI,2024,1,January,1
12555,2023-12-26,1828,Headphones,Electronics,1984,1,1984,Shimla,Debit Card,2023,12,December,4
10748,2024-11-07,1392,Backpack,Accessories,1984,2,3968,Shimla,UPI,2024,11,November,4
14420,2024-05-17,1031,Headphones,Electronics,1983,4,7932,Delhi,Debit Card,2024,5,May,2
13096,2024-12-27,1139,Backpack,Accessories,1981,2,3962,Shimla,Debit Card,2024,12,December,4
12308,2024-05-14,1708,Backpack,Accessories,1981,2,3962,Jaipur,Debit Card,2024,5,May,2
10356,2024-08-29,1471,Backpack,Accessories,1981,2,3962,Shimla,Debit Card,2024,8,August,3
12674,2024-01-28,1953,Headphones,Electronics,1979,2,3958,Chandigarh,Debit Card,2024,1,January,1
13927,2024-11-11,1492,Backpack,Accessories,1979,1,1979,Bangalore,Cash on Delivery,2024,11,November,4
10343,2023-08-08,1749,Backpack,Accessories,1976,4,7904,Chandigarh,Debit Card,2023,8,August,3
10168,2023-11-27,1937,Backpack,Accessories,1975,2,3950,Mumbai,UPI,2023,11,November,4
10087,2023-10-23,1438,Headphones,Electronics,1974,4,7896,Mumbai,Debit Card,2023,10,October,4
12133,2024-02-24,1077,Headphones,Electronics,1973,3,5919,Jaipur,Debit Card,2024,2,February,1
12446,2024-12-31,1111,Backpack,Accessories,1973,2,3946,Chandigarh,Cash on Delivery,2024,12,December,4
11939,2023-10-28,1044,Headphones,Electronics,1973,4,7892,Shimla,Cash on Delivery,2023,10,October,4
11227,2023-12-15,1934,Backpack,Accessories,1969,3,5907,Jaipur,Cash on Delivery,2023,12,December,4
13531,2023-11-16,1702,Backpack,Accessories,1968,1,1968,Delhi,Credit Card,2023,11,November,4
10137,2024-01-28,1205,Headphones,Electronics,1966,3,5898,Delhi,Debit Card,2024,1,January,1
13132,2024-09-28,1281,Backpack,Accessories,1965,4,7860,Chandigarh,Credit Card,2024,9,September,3
14047,2023-07-18,1310,Headphones,Electronics,1965,3,5895,Shimla,Cash on Delivery,2023,7,July,3
13562,2023-05-08,1669,Backpack,Accessories,1963,3,5889,Bangalore,UPI,2023,5,May,2
12997,2024-01-17,1656,Headphones,Electronics,1962,2,3924,Bangalore,Debit Card,2024,1,January,1
13862,2024-05-21,1918,Headphones,Electronics,1961,4,7844,Shimla,Cash on Delivery,2024,5,May,2
12943,2024-05-22,1306,Headphones,Electronics,1955,4,7820,Bangalore,Cash on Delivery,2024,5,May,2
13175,2023-01-26,1956,Headphones,Electronics,1955,4,7820,Shimla,Credit Card,2023,1,January,1
10653,2024-05-19,1863,Backpack,Accessories,1953,3,5859,Jaipur,Cash on Delivery,2024,5,May,2
13821,2024-05-18,1639,Headphones,Electronics,1953,4,7812,Chandigarh,Cash on Delivery,2024,5,May,2
14463,2023-03-04,1057,Backpack,Accessories,1952,3,5856,Mumbai,Debit Card,2023,3,March,1
14993,2023-02-18,1225,Headphones,Electronics,1951,3,5853,Chandigarh,Debit Card,2023,2,February,1
11614,2023-12-22,1924,Backpack,Accessories,1951,1,1951,Delhi,Credit Card,2023,12,December,4
14291,2023-11-18,1020,Backpack,Accessories,1951,2,3902,Jaipur,Cash on Delivery,2023,11,November,4
12593,2024-11-16,1102,Headphones,Electronics,1950,2,3900,Delhi,Debit Card,2024,11,November,4
10192,2024-10-25,1473,Backpack,Accessories,1949,2,3898,Jaipur,Debit Card,2024,10,October,4
10407,2023-05-30,1433,Headphones,Electronics,1946,4,7784,Jaipur,Credit Card,2023,5,May,2
11235,2024-08-01,1610,Headphones,Electronics,1945,1,1945,Shimla,Credit Card,2024,8,August,3
10285,2023-04-30,1389,Backpack,Accessories,1944,3,5832,Shimla,Cash on Delivery,2023,4,April,2
12993,2023-05-11,1374,Headphones,Electronics,1943,2,3886,Delhi,UPI,2023,5,May,2
11706,2023-03-16,1110,Headphones,Electronics,1941,2,3882,Shimla,Credit Card,2023,3,March,1
13075,2023-08-07,1185,Backpack,Accessories,1941,1,1941,Bangalore,Debit Card,2023,8,August,3
10101,2023-12-10,1588,Headphones,Electronics,1940,3,5820,Mumbai,UPI,2023,12,December,4
11088,2023-06-06,1038,Backpack,Accessories,1940,4,7760,Delhi,Cash on Delivery,2023,6,June,2
13845,2024-08-30,1808,Headphones,Electronics,1939,4,7756,Delhi,UPI,2024,8,August,3
13452,2024-03-10,1608,Headphones,Electronics,1939,2,3878,Mumbai,Credit Card,2024,3,March,1
11720,2024-10-20,1517,Backpack,Accessories,1934,2,3868,Bangalore,UPI,2024,10,October,4
10582,2023-05-31,1216,Backpack,Accessories,1932,1,1932,Bangalore,Credit Card,2023,5,May,2
13052,2023-01-01,1928,Backpack,Accessories,1932,2,3864,Bangalore,Credit Card,2023,1,January,1
11815,2024-03-03,1064,Headphones,Electronics,1932,1,1932,Bangalore,UPI,2024,3,March,1
13484,2024-08-04,1529,Headphones,Electronics,1931,4,7724,Shimla,UPI,2024,8,August,3
14737,2024-06-03,1282,Headphones,Electronics,1930,3,5790,Chandigarh,UPI,2024,6,June,2
11474,2023-10-01,1558,Headphones,Electronics,1930,1,1930,Delhi,Cash on Delivery,2023,10,October,4
12295,2024-05-31,1592,Headphones,Electronics,1930,1,1930,Chandigarh,Debit Card,2024,5,May,2
12278,2024-03-21,1783,Backpack,Accessories,1929,1,1929,Shimla,Debit Card,2024,3,March,1
11378,2024-10-02,1539,Backpack,Accessories,1928,1,1928,Bangalore,Credit Card,2024,10,October,4
14282,2024-12-14,1691,Headphones,Electronics,1928,1,1928,Delhi,UPI,2024,12,December,4
14684,2024-04-23,1943,Headphones,Electronics,1928,1,1928,Mumbai,UPI,2024,4,April,2
13829,2024-05-03,1893,Headphones,Electronics,1927,1,1927,Shimla,Debit Card,2024,5,May,2
12074,2024-08-23,1216,Headphones,Electronics,1927,4,7708,Chandigarh,Credit Card,2024,8,August,3
13469,2023-04-27,1091,Backpack,Accessories,1927,4,7708,Mumbai,Debit Card,2023,4,April,2
11735,2023-03-01,1065,Backpack,Accessories,1927,4,7708,Chandigarh,Credit Card,2023,3,March,1
12983,2024-10-31,1128,Backpack,Accessories,1926,3,5778,Bangalore,UPI,2024,10,October,4
11805,2023-04-26,1839,Headphones,Electronics,1925,1,1925,Delhi,UPI,2023,4,April,2
13686,2023-07-17,1907,Backpack,Accessories,1924,1,1924,Delhi,Cash on Delivery,2023,7,July,3
13440,2024-06-16,1819,Headphones,Electronics,1924,3,5772,Delhi,UPI,2024,6,June,2
13068,2024-07-04,1308,Backpack,Accessories,1923,1,1923,Shimla,Credit Card,2024,7,July,3
13106,2024-12-18,1413,Headphones,Electronics,1922,3,5766,Chandigarh,Debit Card,2024,12,December,4
14112,2023-06-18,1072,Headphones,Electronics,1922,3,5766,Bangalore,Credit Card,2023,6,June,2
14955,2023-09-21,1880,Headphones,Electronics,1921,2,3842,Chandigarh,Credit Card,2023,9,September,3
11300,2024-05-08,1439,Headphones,Electronics,1920,1,1920,Chandigarh,Debit Card,2024,5,May,2
12451,2024-10-11,1293,Backpack,Accessories,1919,3,5757,Jaipur,UPI,2024,10,October,4
11820,2023-03-14,1342,Backpack,Accessories,1916,3,5748,Mumbai,Debit Card,2023,3,March,1
13874,2024-11-17,1860,Headphones,Electronics,1915,4,7660,Shimla,Credit Card,2024,11,November,4
10618,2024-05-10,1121,Backpack,Accessories,1913,4,7652,Shimla,Debit Card,2024,5,May,2
11031,2024-08-23,1194,Backpack,Accessories,1913,1,1913,Shimla,Debit Card,2024,8,August,3
13720,2024-05-10,1415,Headphones,Electronics,1913,4,7652,Bangalore,Credit Card,2024,5,May,2
11543,2023-01-20,1116,Headphones,Electronics,1912,4,7648,Bangalore,Credit Card,2023,1,January,1
14708,2023-11-10,1769,Headphones,Electronics,1911,1,1911,Bangalore,UPI,2023,11,November,4
11044,2023-05-23,1677,Backpack,Accessories,1910,4,7640,Jaipur,UPI,2023,5,May,2
10991,2023-09-18,1926,Backpack,Accessories,1908,2,3816,Mumbai,Cash on Delivery,2023,9,September,3
13377,2024-01-27,1527,Backpack,Accessories,1908,3,5724,Shimla,UPI,2024,1,January,1
13206,2024-10-09,1731,Backpack,Accessories,1908,1,1908,Mumbai,Cash on Delivery,2024,10,October,4
14465,2024-05-26,1811,Backpack,Accessories,1901,4,7604,Mumbai,UPI,2024,5,May,2
12548,2024-07-03,1547,Backpack,Accessories,1901,2,3802,Shimla,Credit Card,2024,7,July,3
11218,2024-10-04,1600,Headphones,Electronics,1901,2,3802,Bangalore,Debit Card,2024,10,October,4
10191,2024-11-14,1314,Headphones,Electronics,1900,1,1900,Jaipur,Credit Card,2024,11,November,4
12588,2024-02-18,1572,Backpack,Accessories,1899,3,5697,Mumbai,Debit Card,2024,2,February,1
10690,2023-12-24,1381,Backpack,Accessories,1897,2,3794,Shimla,Credit Card,2023,12,December,4
10992,2024-10-11,1106,Headphones,Electronics,1895,3,5685,Shimla,Cash on Delivery,2024,10,October,4
12056,2023-11-20,1885,Backpack,Accessories,1894,3,5682,Jaipur,Credit Card,2023,11,November,4
10090,2023-12-04,1186,Headphones,Electronics,1894,1,1894,Bangalore,Debit Card,2023,12,December,4
12251,2023-08-18,1501,Backpack,Accessories,1892,4,7568,Delhi,UPI,2023,8,August,3
11510,2024-01-15,1748,Headphones,Electronics,1890,2,3780,Chandigarh,Credit Card,2024,1,January,1
12609,2023-08-26,1818,Backpack,Accessories,1886,3,5658,Bangalore,Cash on Delivery,2023,8,August,3
13520,2024-05-08,1496,Headphones,Electronics,1884,1,1884,Jaipur,Credit Card,2024,5,May,2
14271,2024-01-26,1533,Backpack,Accessories,1884,3,5652,Shimla,Credit Card,2024,1,January,1
13346,2023-03-04,1451,Backpack,Accessories,1882,1,1882,Mumbai,Credit Card,2023,3,March,1
12578,2023-08-14,1582,Headphones,Electronics,1882,2,3764,Chandigarh,Debit Card,2023,8,August,3
13426,2024-05-03,1880,Headphones,Electronics,1881,4,7524,Shimla,Debit Card,2024,5,May,2
11442,2024-05-04,1912,Backpack,Accessories,1881,3,5643,Mumbai,Credit Card,2024,5,May,2
12416,2024-08-31,1064,Headphones,Electronics,1875,2,3750,Delhi,Cash on Delivery,2024,8,August,3
13441,2023-10-27,1444,Headphones,Electronics,1874,4,7496,Chandigarh,Cash on Delivery,2023,10,October,4
12130,2024-10-09,1074,Headphones,Electronics,1874,1,1874,Mumbai,Cash on Delivery,2024,10,October,4
14810,2023-01-27,1322,Backpack,Accessories,1873,2,3746,Bangalore,Debit Card,2023,1,January,1
11886,2023-06-01,1653,Headphones,Electronics,1873,2,3746,Shimla,Cash on Delivery,2023,6,June,2
12789,2024-08-24,1435,Backpack,Accessories,1872,3,5616,Chandigarh,Credit Card,2024,8,August,3
12477,2024-09-15,1896,Headphones,Electronics,1872,2,3744,Chandigarh,Debit Card,2024,9,September,3
12580,2024-06-05,1313,Backpack,Accessories,1872,4,7488,Chandigarh,Credit Card,2024,6,June,2
14372,2024-09-09,1334,Headphones,Electronics,1871,2,3742,Jaipur,Cash on Delivery,2024,9,September,3
14730,2024-07-27,1392,Backpack,Accessories,1870,1,1870,Mumbai,Cash on Delivery,2024,7,July,3
12960,2024-01-22,1111,Headphones,Electronics,1869,2,3738,Bangalore,Credit Card,2024,1,January,1
11089,2023-02-16,1059,Headphones,Electronics,1869,4,7476,Mumbai,UPI,2023,2,February,1
11033,2023-03-30,1794,Backpack,Accessories,1869,3,5607,Shimla,Credit Card,2023,3,March,1
11179,2023-12-27,1794,Headphones,Electronics,1868,1,1868,Shimla,Cash on Delivery,2023,12,December,4
11759,2024-11-08,1727,Backpack,Accessories,1867,2,3734,Jaipur,Credit Card,2024,11,November,4
10267,2024-09-15,1231,Headphones,Electronics,1867,3,5601,Jaipur,UPI,2024,9,September,3
14731,2024-11-12,1805,Headphones,Electronics,1865,1,1865,Delhi,UPI,2024,11,November,4
13417,2023-02-28,1357,Backpack,Accessories,1864,3,5592,Chandigarh,UPI,2023,2,February,1
10458,2023-09-04,1987,Headphones,Electronics,1863,2,3726,Jaipur,UPI,2023,9,September,3
11114,2024-09-14,1845,Headphones,Electronics,1859,1,1859,Chandigarh,UPI,2024,9,September,3
14074,2023-10-07,1247,Headphones,Electronics,1858,1,1858,Delhi,UPI,2023,10,October,4
11086,2024-10-09,1687,Headphones,Electronics,1857,1,1857,Delhi,Cash on Delivery,2024,10,October,4
13281,2024-08-16,1254,Backpack,Accessories,1856,1,1856,Jaipur,Debit Card,2024,8,August,3
10617,2024-10-09,1927,Backpack,Accessories,1854,4,7416,Shimla,UPI,2024,10,October,4
14138,2023-06-11,1536,Backpack,Accessories,1853,4,7412,Mumbai,Debit Card,2023,6,June,2
13648,2023-02-28,1388,Backpack,Accessories,1853,4,7412,Shimla,Credit Card,2023,2,February,1
13314,2023-09-25,1432,Backpack,Accessories,1853,2,3706,Chandigarh,Credit Card,2023,9,September,3
11724,2023-09-14,1486,Backpack,Accessories,1852,1,1852,Chandigarh,Cash on Delivery,2023,9,September,3
10336,2024-05-30,1246,Backpack,Accessories,1850,1,1850,Mumbai,Debit Card,2024,5,May,2
14562,2024-05-13,1644,Headphones,Electronics,1847,2,3694,Mumbai,Credit Card,2024,5,May,2
10649,2023-01-01,1387,Backpack,Accessories,1846,4,7384,Chandigarh,Credit Card,2023,1,January,1
11745,2023-07-18,1110,Backpack,Accessories,1844,2,3688,Mumbai,Debit Card,2023,7,July,3
11327,2023-06-17,1576,Backpack,Accessories,1844,4,7376,Mumbai,UPI,2023,6,June,2
10845,2023-02-15,1878,Headphones,Electronics,1842,1,1842,Mumbai,Debit Card,2023,2,February,1
11255,2023-05-31,1130,Backpack,Accessories,1842,2,3684,Jaipur,Debit Card,2023,5,May,2
13383,2023-01-31,1332,Headphones,Electronics,1841,3,5523,Bangalore,Cash on Delivery,2023,1,January,1
12734,2024-06-25,1587,Backpack,Accessories,1841,1,1841,Mumbai,Debit Card,2024,6,June,2
14096,2023-11-22,1341,Headphones,Electronics,1835,1,1835,Delhi,Credit Card,2023,11,November,4
12208,2024-06-06,1627,Backpack,Accessories,1834,1,1834,Delhi,Debit Card,2024,6,June,2
13625,2023-12-03,1988,Backpack,Accessories,1833,4,7332,Mumbai,Cash on Delivery,2023,12,December,4
12459,2023-08-01,1962,Headphones,Electronics,1833,2,3666,Chandigarh,UPI,2023,8,August,3
10995,2023-06-17,1906,Backpack,Accessories,1832,3,5496,Chandigarh,Credit Card,2023,6,June,2
11769,2024-12-21,1274,Backpack,Accessories,1832,1,1832,Bangalore,Cash on Delivery,2024,12,December,4
10326,2024-03-13,1298,Backpack,Accessories,1831,3,5493,Mumbai,Cash on Delivery,2024,3,March,1
10606,2024-10-14,1018,Backpack,Accessories,1830,2,3660,Jaipur,Credit Card,2024,10,October,4
11285,2023-02-28,1042,Headphones,Electronics,1827,1,1827,Bangalore,Credit Card,2023,2,February,1
12636,2024-12-01,1789,Headphones,Electronics,1826,4,7304,Jaipur,UPI,2024,12,December,4
10331,2024-08-31,1569,Headphones,Electronics,1824,4,7296,Chandigarh,Cash on Delivery,2024,8,August,3
11404,2023-08-04,1216,Backpack,Accessories,1823,2,3646,Jaipur,Credit Card,2023,8,August,3
10711,2024-07-11,1456,Backpack,Accessories,1822,4,7288,Jaipur,UPI,2024,7,July,3
12002,2024-03-02,1610,Backpack,Accessories,1820,2,3640,Shimla,Debit Card,2024,3,March,1
13235,2023-12-10,1104,Headphones,Electronics,1820,4,7280,Jaipur,Cash on Delivery,2023,12,December,4
12689,2024-08-09,1100,Headphones,Electronics,1820,2,3640,Mumbai,UPI,2024,8,August,3
10665,2023-05-29,1486,Headphones,Electronics,1819,4,7276,Jaipur,Credit Card,2023,5,May,2
11621,2024-07-10,1028,Backpack,Accessories,1819,4,7276,Jaipur,Credit Card,2024,7,July,3
14574,2024-07-12,1672,Backpack,Accessories,1817,2,3634,Jaipur,Credit Card,2024,7,July,3
11889,2024-08-30,1770,Backpack,Accessories,1815,4,7260,Shimla,Credit Card,2024,8,August,3
14813,2023-10-26,1818,Headphones,Electronics,1811,1,1811,Bangalore,Cash on Delivery,2023,10,October,4
10687,2024-04-15,1571,Headphones,Electronics,1810,2,3620,Shimla,Credit Card,2024,4,April,2
14983,2023-02-25,1258,Headphones,Electronics,1806,1,1806,Bangalore,Debit Card,2023,2,February,1
14398,2024-11-10,1984,Backpack,Accessories,1805,3,5415,Jaipur,Debit Card,2024,11,November,4
13290,2023-02-10,1068,Headphones,Electronics,1805,2,3610,Chandigarh,UPI,2023,2,February,1
13563,2023-07-20,1203,Backpack,Accessories,1802,4,7208,Jaipur,Cash on Delivery,2023,7,July,3
11902,2024-09-28,1748,Headphones,Electronics,1802,1,1802,Jaipur,UPI,2024,9,September,3
13176,2024-08-27,1420,Headphones,Electronics,1801,1,1801,Bangalore,Credit Card,2024,8,August,3
10318,2024-04-14,1118,Headphones,Electronics,1801,1,1801,Shimla,Cash on Delivery,2024,4,April,2
12673,2023-01-13,1167,Headphones,Electronics,1800,4,7200,Chandigarh,Credit Card,2023,1,January,1
13711,2024-10-13,1178,Headphones,Electronics,1799,4,7196,Mumbai,UPI,2024,10,October,4
12048,2023-06-10,1105,Backpack,Accessories,1798,4,7192,Delhi,Cash on Delivery,2023,6,June,2
13679,2024-11-04,1617,Backpack,Accessories,1794,1,1794,Mumbai,Debit Card,2024,11,November,4
10594,2023-06-12,1145,Backpack,Accessories,1793,1,1793,Delhi,Cash on Delivery,2023,6,June,2
14416,2024-06-11,1926,Headphones,Electronics,1793,2,3586,Chandigarh,Credit Card,2024,6,June,2
14754,2024-01-31,1715,Backpack,Accessories,1792,2,3584,Bangalore,Debit Card,2024,1,January,1
10812,2024-03-25,1053,Headphones,Electronics,1792,1,1792,Mumbai,UPI,2024,3,March,1
10737,2023-04-09,1290,Headphones,Electronics,1792,2,3584,Mumbai,Credit Card,2023,4,April,2
14278,2024-04-21,1355,Backpack,Accessories,1792,3,5376,Delhi,Credit Card,2024,4,April,2
13893,2024-02-26,1831,Backpack,Accessories,1792,2,3584,Bangalore,Credit Card,2024,2,February,1
12939,2024-05-18,1865,Backpack,Accessories,1790,4,7160,Shimla,Debit Card,2024,5,May,2
14585,2023-06-24,1716,Backpack,Accessories,1789,2,3578,Bangalore,Credit Card,2023,6,June,2
14772,2024-08-08,1422,Headphones,Electronics,1789,3,5367,Bangalore,Credit Card,2024,8,August,3
10488,2024-08-30,1570,Backpack,Accessories,1787,2,3574,Bangalore,UPI,2024,8,August,3
10300,2023-12-04,1855,Backpack,Accessories,1787,4,7148,Bangalore,Cash on Delivery,2023,12,December,4
13591,2024-01-10,1270,Backpack,Accessories,1786,2,3572,Delhi,Credit Card,2024,1,January,1
14541,2024-01-07,1082,Backpack,Accessories,1784,4,7136,Mumbai,Credit Card,2024,1,January,1
12853,2024-12-30,1122,Headphones,Electronics,1780,2,3560,Jaipur,Debit Card,2024,12,December,4
12533,2024-03-11,1913,Backpack,Accessories,1773,1,1773,Chandigarh,Cash on Delivery,2024,3,March,1
12670,2024-12-31,1817,Headphones,Electronics,1772,4,7088,Delhi,Debit Card,2024,12,December,4
14090,2023-09-11,1591,Backpack,Accessories,1771,3,5313,Shimla,Debit Card,2023,9,September,3
11332,2024-02-05,1051,Backpack,Accessories,1771,2,3542,Bangalore,Cash on Delivery,2024,2,February,1
12738,2023-01-19,1642,Headphones,Electronics,1771,1,1771,Chandigarh,Credit Card,2023,1,January,1
10403,2024-11-28,1686,Headphones,Electronics,1769,3,5307,Mumbai,Cash on Delivery,2024,11,November,4
14752,2024-05-28,1075,Headphones,Electronics,1769,3,5307,Delhi,Debit Card,2024,5,May,2
13989,2023-12-15,1042,Backpack,Accessories,1769,1,1769,Shimla,Credit Card,2023,12,December,4
11855,2024-07-20,1108,Headphones,Electronics,1768,3,5304,Chandigarh,Credit Card,2024,7,July,3
12053,2024-08-11,1098,Backpack,Accessories,1766,4,7064,Bangalore,UPI,2024,8,August,3
13796,2024-11-04,1438,Headphones,Electronics,1766,1,1766,Chandigarh,Cash on Delivery,2024,11,November,4
12994,2023-12-19,1445,Backpack,Accessories,1766,3,5298,Mumbai,Cash on Delivery,2023,12,December,4
10575,2023-03-10,1059,Headphones,Electronics,1764,4,7056,Jaipur,Debit Card,2023,3,March,1
13623,2024-12-26,1678,Headphones,Electronics,1762,2,3524,Mumbai,Cash on Delivery,2024,12,December,4
14124,2024-01-14,1219,Headphones,Electronics,1761,2,3522,Bangalore,Credit Card,2024,1,January,1
14023,2023-02-27,1217,Backpack,Accessories,1760,3,5280,Bangalore,UPI,2023,2,February,1
11421,2023-02-16,1277,Headphones,Electronics,1758,2,3516,Bangalore,Credit Card,2023,2,February,1
13328,2023-10-04,1926,Headphones,Electronics,1757,4,7028,Shimla,Cash on Delivery,2023,10,October,4
14557,2024-02-18,1646,Headphones,Electronics,1757,3,5271,Delhi,Cash on Delivery,2024,2,February,1
11699,2024-05-30,1318,Headphones,Electronics,1756,1,1756,Jaipur,Credit Card,2024,5,May,2
13878,2024-03-13,1051,Backpack,Accessories,1755,3,5265,Jaipur,UPI,2024,3,March,1
13315,2024-02-23,1058,Backpack,Accessories,1754,3,5262,Delhi,Debit Card,2024,2,February,1
13722,2023-08-15,1514,Backpack,Accessories,1749,2,3498,Jaipur,Cash on Delivery,2023,8,August,3
13228,2023-12-07,1041,Backpack,Accessories,1748,3,5244,Delhi,Cash on Delivery,2023,12,December,4
10984,2024-07-03,1784,Backpack,Accessories,1748,3,5244,Mumbai,Credit Card,2024,7,July,3
11585,2024-08-15,1762,Headphones,Electronics,1747,4,6988,Mumbai,UPI,2024,8,August,3
10988,2024-11-03,1301,Headphones,Electronics,1745,1,1745,Chandigarh,Credit Card,2024,11,November,4
13187,2024-06-23,1662,Headphones,Electronics,1744,1,1744,Chandigarh,Cash on Delivery,2024,6,June,2
10595,2023-08-03,1387,Backpack,Accessories,1743,1,1743,Bangalore,UPI,2023,8,August,3
13768,2023-04-12,1619,Headphones,Electronics,1739,1,1739,Bangalore,Credit Card,2023,4,April,2
14733,2023-09-26,1148,Backpack,Accessories,1738,4,6952,Delhi,Cash on Delivery,2023,9,September,3
10256,2024-07-04,1480,Backpack,Accessories,1738,2,3476,Chandigarh,Credit Card,2024,7,July,3
14030,2023-02-10,1025,Backpack,Accessories,1736,4,6944,Chandigarh,Debit Card,2023,2,February,1
12235,2023-02-05,1927,Headphones,Electronics,1736,1,1736,Shimla,Cash on Delivery,2023,2,February,1
11440,2024-02-06,1929,Headphones,Electronics,1735,3,5205,Bangalore,Credit Card,2024,2,February,1
13740,2023-09-20,1599,Headphones,Electronics,1735,3,5205,Chandigarh,Credit Card,2023,9,September,3
10229,2024-03-14,1142,Headphones,Electronics,1732,1,1732,Shimla,Debit Card,2024,3,March,1
10068,2024-01-23,1217,Headphones,Electronics,1730,2,3460,Chandigarh,Debit Card,2024,1,January,1
12415,2024-02-04,1839,Headphones,Electronics,1727,3,5181,Jaipur,Credit Card,2024,2,February,1
12868,2024-10-25,1356,Backpack,Accessories,1725,4,6900,Delhi,Credit Card,2024,10,October,4
13626,2023-07-02,1081,Headphones,Electronics,1721,4,6884,Jaipur,Cash on Delivery,2023,7,July,3
13806,2023-01-12,1550,Headphones,Electronics,1719,3,5157,Jaipur,Debit Card,2023,1,January,1
14068,2024-05-19,1532,Backpack,Accessories,1718,3,5154,Bangalore,UPI,2024,5,May,2
10930,2024-01-12,1914,Backpack,Accessories,1717,1,1717,Shimla,Cash on Delivery,2024,1,January,1
14406,2024-07-28,1091,Backpack,Accessories,1716,3,5148,Bangalore,Cash on Delivery,2024,7,July,3
12721,2024-06-19,1685,Headphones,Electronics,1714,3,5142,Mumbai,Cash on Delivery,2024,6,June,2
11447,2023-06-01,1259,Headphones,Electronics,1713,2,3426,Chandigarh,Debit Card,2023,6,June,2
10385,2024-06-21,1359,Headphones,Electronics,1712,4,6848,Bangalore,Cash on Delivery,2024,6,June,2
11478,2023-01-29,1259,Headphones,Electronics,1711,3,5133,Delhi,UPI,2023,1,January,1
11063,2023-10-16,1533,Headphones,Electronics,1708,2,3416,Shimla,Credit Card,2023,10,October,4
12197,2023-04-18,1115,Headphones,Electronics,1708,4,6832,Chandigarh,UPI,2023,4,April,2
13476,2024-01-30,1915,Backpack,Accessories,1707,1,1707,Jaipur,Cash on Delivery,2024,1,January,1
11646,2023-08-11,1194,Headphones,Electronics,1706,4,6824,Shimla,Debit Card,2023,8,August,3
12396,2024-05-31,1362,Headphones,Electronics,1705,3,5115,Bangalore,Cash on Delivery,2024,5,May,2
12083,2024-02-21,1611,Headphones,Electronics,1703,3,5109,Shimla,Cash on Delivery,2024,2,February,1
11047,2023-08-13,1095,Backpack,Accessories,1703,3,5109,Mumbai,UPI,2023,8,August,3
12597,2023-08-10,1225,Headphones,Electronics,1703,1,1703,Shimla,Cash on Delivery,2023,8,August,3
14630,2023-03-14,1652,Headphones,Electronics,1701,4,6804,Mumbai,Debit Card,2023,3,March,1
13049,2023-07-20,1257,Headphones,Electronics,1701,3,5103,Shimla,Credit Card,2023,7,July,3
12701,2023-06-03,1375,Headphones,Electronics,1701,4,6804,Delhi,UPI,2023,6,June,2
11266,2024-06-06,1678,Headphones,Electronics,1700,4,6800,Jaipur,Credit Card,2024,6,June,2
10771,2024-03-13,1923,Backpack,Accessories,1700,3,5100,Chandigarh,UPI,2024,3,March,1
10679,2024-06-09,1457,Headphones,Electronics,1699,4,6796,Mumbai,UPI,2024,6,June,2
14430,2024-05-18,1696,Headphones,Electronics,1697,4,6788,Bangalore,Cash on Delivery,2024,5,May,2
11790,2024-08-10,1482,Backpack,Accessories,1696,1,1696,Mumbai,Credit Card,2024,8,August,3
12595,2023-05-02,1582,Headphones,Electronics,1695,1,1695,Mumbai,Credit Card,2023,5,May,2
12897,2023-12-10,1471,Backpack,Accessories,1691,3,5073,Bangalore,UPI,2023,12,December,4
11335,2024-09-25,1375,Backpack,Accessories,1691,1,1691,Delhi,Debit Card,2024,9,September,3
11739,2023-11-05,1174,Backpack,Accessories,1687,2,3374,Jaipur,UPI,2023,11,November,4
14395,2023-06-19,1531,Headphones,Electronics,1685,4,6740,Delhi,UPI,2023,6,June,2
10401,2023-02-20,1555,Backpack,Accessories,1685,3,5055,Chandigarh,Debit Card,2023,2,February,1
13122,2024-01-11,1667,Backpack,Accessories,1685,3,5055,Jaipur,UPI,2024,1,January,1
14007,2024-08-28,1229,Backpack,Accessories,1683,3,5049,Chandigarh,Debit Card,2024,8,August,3
10767,2024-07-04,1255,Headphones,Electronics,1679,1,1679,Chandigarh,UPI,2024,7,July,3
14332,2023-05-14,1593,Headphones,Electronics,1679,3,5037,Shimla,UPI,2023,5,May,2
13260,2024-03-20,1214,Headphones,Electronics,1678,1,1678,Mumbai,Credit Card,2024,3,March,1
11803,2023-08-13,1684,Headphones,Electronics,1675,4,6700,Jaipur,UPI,2023,8,August,3
10338,2023-07-11,1493,Headphones,Electronics,1671,3,5013,Delhi,Debit Card,2023,7,July,3
13453,2024-05-23,1445,Backpack,Accessories,1670,3,5010,Delhi,Credit Card,2024,5,May,2
14994,2024-02-24,1942,Headphones,Electronics,1668,3,5004,Delhi,Debit Card,2024,2,February,1
13605,2023-10-22,1108,Headphones,Electronics,1668,1,1668,Jaipur,Credit Card,2023,10,October,4
14346,2024-03-27,1031,Headphones,Electronics,1665,4,6660,Delhi,UPI,2024,3,March,1
11316,2024-11-07,1609,Backpack,Accessories,1665,2,3330,Jaipur,UPI,2024,11,November,4
12724,2024-08-16,1337,Backpack,Accessories,1664,2,3328,Jaipur,Debit Card,2024,8,August,3
10365,2023-05-08,1911,Headphones,Electronics,1658,2,3316,Jaipur,Debit Card,2023,5,May,2
13395,2024-03-05,1364,Backpack,Accessories,1658,2,3316,Delhi,Cash on Delivery,2024,3,March,1
11580,2024-08-24,1024,Headphones,Electronics,1658,3,4974,Mumbai,UPI,2024,8,August,3
11622,2023-01-31,1974,Backpack,Accessories,1657,4,6628,Chandigarh,Cash on Delivery,2023,1,January,1
11451,2023-05-11,1177,Backpack,Accessories,1657,3,4971,Delhi,Credit Card,2023,5,May,2
13700,2023-08-23,1478,Headphones,Electronics,1654,2,3308,Shimla,Debit Card,2023,8,August,3
11907,2024-07-05,1152,Headphones,Electronics,1653,4,6612,Chandigarh,Cash on Delivery,2024,7,July,3
14098,2024-10-11,1406,Headphones,Electronics,1652,2,3304,Bangalore,Cash on Delivery,2024,10,October,4
12245,2024-10-03,1235,Backpack,Accessories,1652,4,6608,Delhi,UPI,2024,10,October,4
14027,2023-09-23,1229,Headphones,Electronics,1651,3,4953,Jaipur,Cash on Delivery,2023,9,September,3
13266,2024-03-28,1520,Headphones,Electronics,1651,3,4953,Chandigarh,Debit Card,2024,3,March,1
13736,2024-09-12,1833,Backpack,Accessories,1650,4,6600,Mumbai,Credit Card,2024,9,September,3
10112,2023-10-16,1671,Headphones,Electronics,1648,3,4944,Mumbai,Debit Card,2023,10,October,4
13382,2024-04-30,1036,Headphones,Electronics,1647,1,1647,Bangalore,Debit Card,2024,4,April,2
10036,2024-11-12,1734,Headphones,Electronics,1646,2,3292,Bangalore,Cash on Delivery,2024,11,November,4
10730,2023-10-09,1808,Headphones,Electronics,1646,4,6584,Mumbai,Debit Card,2023,10,October,4
14139,2023-09-11,1072,Headphones,Electronics,1645,2,3290,Chandigarh,Credit Card,2023,9,September,3
12144,2023-12-17,1178,Headphones,Electronics,1645,1,1645,Jaipur,UPI,2023,12,December,4
13880,2024-07-22,1789,Headphones,Electronics,1645,3,4935,Jaipur,UPI,2024,7,July,3
11500,2023-10-20,1692,Backpack,Accessories,1644,3,4932,Mumbai,Credit Card,2023,10,October,4
13338,2023-01-30,1379,Headphones,Electronics,1641,3,4923,Bangalore,Debit Card,2023,1,January,1
11057,2024-07-07,1553,Headphones,Electronics,1640,3,4920,Bangalore,Credit Card,2024,7,July,3
14779,2023-07-23,1030,Backpack,Accessories,1638,1,1638,Delhi,Debit Card,2023,7,July,3
13273,2024-12-27,1062,Backpack,Accessories,1637,2,3274,Delhi,Debit Card,2024,12,December,4
12559,2024-01-17,1608,Headphones,Electronics,1625,1,1625,Shimla,Cash on Delivery,2024,1,January,1
14683,2023-05-02,1719,Backpack,Accessories,1624,3,4872,Bangalore,UPI,2023,5,May,2
13355,2024-11-09,1853,Headphones,Electronics,1623,1,1623,Chandigarh,Cash on Delivery,2024,11,November,4
10442,2024-10-02,1788,Backpack,Accessories,1623,1,1623,Chandigarh,Credit Card,2024,10,October,4
11162,2023-06-28,1336,Backpack,Accessories,1623,2,3246,Bangalore,UPI,2023,6,June,2
11493,2023-01-03,1065,Headphones,Electronics,1619,1,1619,Chandigarh,UPI,2023,1,January,1
12156,2024-03-27,1199,Backpack,Accessories,1617,3,4851,Chandigarh,Cash on Delivery,2024,3,March,1
11696,2024-04-26,1657,Backpack,Accessories,1615,3,4845,Shimla,Debit Card,2024,4,April,2
11158,2024-02-22,1717,Backpack,Accessories,1614,1,1614,Mumbai,Cash on Delivery,2024,2,February,1
14696,2023-11-13,1654,Backpack,Accessories,1614,3,4842,Chandigarh,Debit Card,2023,11,November,4
11787,2023-03-29,1610,Backpack,Accessories,1612,2,3224,Delhi,Debit Card,2023,3,March,1
10859,2024-07-26,1375,Backpack,Accessories,1611,1,1611,Shimla,Cash on Delivery,2024,7,July,3
13852,2024-06-12,1463,Headphones,Electronics,1607,1,1607,Shimla,Credit Card,2024,6,June,2
13657,2024-12-16,1411,Headphones,Electronics,1607,2,3214,Jaipur,Credit Card,2024,12,December,4
10884,2023-01-03,1194,Backpack,Accessories,1607,4,6428,Bangalore,Debit Card,2023,1,January,1
12955,2024-07-07,1308,Headphones,Electronics,1607,1,1607,Delhi,Debit Card,2024,7,July,3
12630,2023-03-29,1198,Headphones,Electronics,1606,3,4818,Bangalore,Credit Card,2023,3,March,1
11234,2023-08-17,1527,Backpack,Accessories,1606,3,4818,Mumbai,UPI,2023,8,August,3
12294,2024-09-21,1389,Backpack,Accessories,1605,1,1605,Bangalore,Cash on Delivery,2024,9,September,3
10589,2023-07-05,1389,Backpack,Accessories,1605,1,1605,Shimla,UPI,2023,7,July,3
13743,2023-01-28,1645,Headphones,Electronics,1604,3,4812,Bangalore,UPI,2023,1,January,1
11791,2023-02-15,1167,Backpack,Accessories,1602,3,4806,Chandigarh,Credit Card,2023,2,February,1
11231,2023-11-24,1924,Headphones,Electronics,1601,4,6404,Bangalore,Credit Card,2023,11,November,4
10030,2023-01-22,1827,Backpack,Accessories,1598,2,3196,Chandigarh,UPI,2023,1,January,1
10179,2024-09-24,1910,Backpack,Accessories,1598,2,3196,Jaipur,Debit Card,2024,9,September,3
10683,2024-01-08,1196,Backpack,Accessories,1598,4,6392,Shimla,Debit Card,2024,1,January,1
13375,2024-07-29,1150,Headphones,Electronics,1597,2,3194,Delhi,UPI,2024,7,July,3
10647,2024-03-31,1911,Headphones,Electronics,1596,2,3192,Bangalore,UPI,2024,3,March,1
13838,2023-08-06,1711,Backpack,Accessories,1593,4,6372,Chandigarh,Cash on Delivery,2023,8,August,3
10478,2023-10-16,1692,Backpack,Accessories,1591,2,3182,Delhi,Cash on Delivery,2023,10,October,4
10481,2023-01-23,1055,Backpack,Accessories,1589,4,6356,Bangalore,Debit Card,2023,1,January,1
10377,2024-01-21,1249,Backpack,Accessories,1588,2,3176,Mumbai,Cash on Delivery,2024,1,January,1
14141,2024-10-12,1922,Headphones,Electronics,1586,1,1586,Mumbai,Credit Card,2024,10,October,4
12768,2024-05-14,1486,Headphones,Electronics,1585,4,6340,Jaipur,Cash on Delivery,2024,5,May,2
13663,2023-04-06,1158,Backpack,Accessories,1583,2,3166,Jaipur,UPI,2023,4,April,2
12010,2023-12-02,1267,Backpack,Accessories,1580,2,3160,Shimla,UPI,2023,12,December,4
12725,2023-06-08,1479,Backpack,Accessories,1578,1,1578,Jaipur,Cash on Delivery,2023,6,June,2
13236,2024-07-02,1199,Backpack,Accessories,1578,1,1578,Chandigarh,Credit Card,2024,7,July,3
13627,2023-01-23,1427,Headphones,Electronics,1576,1,1576,Bangalore,Debit Card,2023,1,January,1
12538,2024-06-23,1534,Headphones,Electronics,1574,2,3148,Chandigarh,Cash on Delivery,2024,6,June,2
13487,2024-10-27,1056,Headphones,Electronics,1571,3,4713,Mumbai,Credit Card,2024,10,October,4
10303,2024-12-20,1114,Headphones,Electronics,1570,1,1570,Jaipur,Cash on Delivery,2024,12,December,4
10672,2024-10-20,1370,Backpack,Accessories,1567,2,3134,Bangalore,Cash on Delivery,2024,10,October,4
11698,2023-10-12,1443,Backpack,Accessories,1566,4,6264,Bangalore,Cash on Delivery,2023,10,October,4
11876,2023-12-19,1057,Backpack,Accessories,1565,3,4695,Chandigarh,Credit Card,2023,12,December,4
13577,2023-03-16,1779,Headphones,Electronics,1564,3,4692,Mumbai,Debit Card,2023,3,March,1
11978,2023-01-01,1787,Backpack,Accessories,1562,4,6248,Shimla,Debit Card,2023,1,January,1
13978,2023-06-05,1337,Backpack,Accessories,1558,2,3116,Chandigarh,Cash on Delivery,2023,6,June,2
14122,2024-01-17,1938,Headphones,Electronics,1558,1,1558,Bangalore,Cash on Delivery,2024,1,January,1
12710,2023-04-29,1782,Headphones,Electronics,1556,3,4668,Jaipur,UPI,2023,4,April,2
10186,2024-10-10,1108,Backpack,Accessories,1554,3,4662,Jaipur,Credit Card,2024,10,October,4
12708,2023-01-20,1078,Backpack,Accessories,1554,1,1554,Shimla,UPI,2023,1,January,1
10508,2023-06-17,1892,Headphones,Electronics,1553,1,1553,Chandigarh,Cash on Delivery,2023,6,June,2
14236,2024-08-17,1048,Headphones,Electronics,1550,1,1550,Delhi,UPI,2024,8,August,3
14449,2024-03-20,1641,Backpack,Accessories,1549,2,3098,Shimla,Credit Card,2024,3,March,1
11762,2023-04-27,1562,Headphones,Electronics,1548,3,4644,Jaipur,Credit Card,2023,4,April,2
12833,2024-09-30,1267,Backpack,Accessories,1548,2,3096,Chandigarh,Credit Card,2024,9,September,3
10155,2023-06-09,1936,Headphones,Electronics,1545,4,6180,Mumbai,Credit Card,2023,6,June,2
12270,2024-07-01,1092,Headphones,Electronics,1544,1,1544,Shimla,Credit Card,2024,7,July,3
11753,2023-06-02,1537,Headphones,Electronics,1542,4,6168,Delhi,UPI,2023,6,June,2
14950,2023-07-31,1217,Backpack,Accessories,1542,2,3084,Chandigarh,UPI,2023,7,July,3
14087,2024-09-19,1393,Headphones,Electronics,1542,2,3084,Jaipur,UPI,2024,9,September,3
11279,2023-12-30,1475,Headphones,Electronics,1541,4,6164,Bangalore,Debit Card,2023,12,December,4
10769,2023-09-07,1029,Headphones,Electronics,1539,3,4617,Mumbai,UPI,2023,9,September,3
13352,2023-04-28,1706,Headphones,Electronics,1538,2,3076,Jaipur,Debit Card,2023,4,April,2
10568,2024-03-30,1508,Headphones,Electronics,1536,4,6144,Mumbai,Debit Card,2024,3,March,1
11726,2024-06-10,1428,Backpack,Accessories,1535,4,6140,Mumbai,Cash on Delivery,2024,6,June,2
10153,2023-02-05,1344,Backpack,Accessories,1534,4,6136,Bangalore,Debit Card,2023,2,February,1
12865,2024-08-20,1154,Headphones,Electronics,1533,2,3066,Shimla,Debit Card,2024,8,August,3
14887,2023-10-04,1515,Backpack,Accessories,1531,4,6124,Mumbai,Cash on Delivery,2023,10,October,4
10583,2023-05-24,1929,Backpack,Accessories,1530,3,4590,Chandigarh,UPI,2023,5,May,2
12138,2024-10-05,1565,Backpack,Accessories,1530,3,4590,Shimla,UPI,2024,10,October,4
12493,2023-05-09,1703,Backpack,Accessories,1529,4,6116,Delhi,UPI,2023,5,May,2
14298,2023-03-23,1284,Headphones,Electronics,1527,1,1527,Bangalore,UPI,2023,3,March,1
12218,2024-10-19,1026,Headphones,Electronics,1526,2,3052,Mumbai,UPI,2024,10,October,4
10320,2023-01-22,1370,Backpack,Accessories,1526,2,3052,Shimla,Debit Card,2023,1,January,1
11015,2024-05-27,1710,Headphones,Electronics,1525,3,4575,Chandigarh,Credit Card,2024,5,May,2
14547,2024-09-07,1699,Backpack,Accessories,1523,3,4569,Jaipur,UPI,2024,9,September,3
13188,2024-02-10,1634,Headphones,Electronics,1520,4,6080,Chandigarh,Cash on Delivery,2024,2,February,1
10180,2024-09-19,1972,Headphones,Electronics,1519,3,4557,Delhi,UPI,2024,9,September,3
10465,2023-10-12,1551,Headphones,Electronics,1519,2,3038,Chandigarh,Debit Card,2023,10,October,4
13914,2024-03-03,1826,Headphones,Electronics,1515,3,4545,Jaipur,UPI,2024,3,March,1
12958,2023-09-25,1468,Headphones,Electronics,1514,1,1514,Mumbai,Debit Card,2023,9,September,3
14804,2023-09-15,1385,Headphones,Electronics,1512,2,3024,Chandigarh,Debit Card,2023,9,September,3
10099,2023-03-06,1389,Headphones,Electronics,1512,4,6048,Shimla,Cash on Delivery,2023,3,March,1
13831,2024-09-01,1116,Backpack,Accessories,1510,2,3020,Jaipur,Cash on Delivery,2024,9,September,3
14370,2023-08-25,1681,Backpack,Accessories,1510,1,1510,Mumbai,Credit Card,2023,8,August,3
11411,2024-12-10,1575,Headphones,Electronics,1510,2,3020,Chandigarh,Debit Card,2024,12,December,4
14184,2024-07-14,1330,Backpack,Accessories,1509,1,1509,Chandigarh,Credit Card,2024,7,July,3
12247,2024-03-03,1888,Headphones,Electronics,1508,3,4524,Delhi,UPI,2024,3,March,1
10264,2023-09-20,1267,Backpack,Accessories,1508,1,1508,Bangalore,Cash on Delivery,2023,9,September,3
10394,2024-02-04,1463,Headphones,Electronics,1505,3,4515,Delhi,Cash on Delivery,2024,2,February,1
14907,2024-02-08,1056,Backpack,Accessories,1505,1,1505,Bangalore,Cash on Delivery,2024,2,February,1
12068,2023-10-06,1143,Backpack,Accessories,1501,1,1501,Shimla,Debit Card,2023,10,October,4
11056,2023-06-28,1373,Backpack,Accessories,1501,3,4503,Shimla,UPI,2023,6,June,2
13651,2023-01-12,1157,Headphones,Electronics,1501,3,4503,Delhi,Credit Card,2023,1,January,1
14946,2023-09-13,1852,Backpack,Accessories,1494,1,1494,Chandigarh,Debit Card,2023,9,September,3
11450,2023-04-08,1477,Backpack,Accessories,1493,1,1493,Bangalore,Credit Card,2023,4,April,2
13836,2023-05-04,1161,Backpack,Accessories,1491,3,4473,Jaipur,Cash on Delivery,2023,5,May,2
14741,2023-08-25,1555,Backpack,Accessories,1488,3,4464,Mumbai,Debit Card,2023,8,August,3
11575,2023-05-04,1449,Backpack,Accessories,1483,2,2966,Shimla,Debit Card,2023,5,May,2
12687,2024-01-12,1495,Backpack,Accessories,1482,4,5928,Mumbai,Cash on Delivery,2024,1,January,1
10726,2023-05-26,1387,Backpack,Accessories,1479,4,5916,Chandigarh,Credit Card,2023,5,May,2
11681,2024-11-17,1936,Backpack,Accessories,1474,1,1474,Jaipur,Cash on Delivery,2024,11,November,4
13744,2023-11-22,1722,Backpack,Accessories,1473,2,2946,Bangalore,Debit Card,2023,11,November,4
14132,2024-10-22,1675,Backpack,Accessories,1472,4,5888,Chandigarh,Credit Card,2024,10,October,4
14535,2023-08-27,1922,Backpack,Accessories,1471,4,5884,Bangalore,Credit Card,2023,8,August,3
12406,2023-03-24,1434,Backpack,Accessories,1466,4,5864,Shimla,Credit Card,2023,3,March,1
14445,2024-07-02,1674,Backpack,Accessories,1464,3,4392,Bangalore,Credit Card,2024,7,July,3
12941,2024-08-08,1391,Backpack,Accessories,1463,4,5852,Shimla,UPI,2024,8,August,3
10803,2023-05-13,1720,Backpack,Accessories,1463,1,1463,Chandigarh,Cash on Delivery,2023,5,May,2
12486,2024-09-16,1679,Backpack,Accessories,1463,3,4389,Shimla,Cash on Delivery,2024,9,September,3
14553,2023-01-18,1608,Backpack,Accessories,1462,3,4386,Shimla,Credit Card,2023,1,January,1
10040,2024-11-17,1438,Backpack,Accessories,1461,3,4383,Delhi,Debit Card,2024,11,November,4
12851,2023-05-11,1523,Backpack,Accessories,1460,4,5840,Jaipur,UPI,2023,5,May,2
10325,2024-07-16,1176,Backpack,Accessories,1459,1,1459,Bangalore,Cash on Delivery,2024,7,July,3
10218,2024-01-20,1780,Backpack,Accessories,1454,4,5816,Shimla,UPI,2024,1,January,1
12327,2024-02-10,1326,Backpack,Accessories,1452,1,1452,Mumbai,Cash on Delivery,2024,2,February,1
13364,2024-07-12,1823,Backpack,Accessories,1446,1,1446,Bangalore,Credit Card,2024,7,July,3
13747,2024-05-02,1969,Backpack,Accessories,1445,2,2890,Delhi,Credit Card,2024,5,May,2
14467,2024-11-28,1767,Backpack,Accessories,1442,4,5768,Mumbai,Cash on Delivery,2024,11,November,4
10714,2024-01-25,1211,Backpack,Accessories,1439,4,5756,Mumbai,Credit Card,2024,1,January,1
11347,2023-01-11,1938,Backpack,Accessories,1435,4,5740,Jaipur,Cash on Delivery,2023,1,January,1
10696,2023-12-14,1951,Backpack,Accessories,1433,4,5732,Delhi,UPI,2023,12,December,4
10787,2024-02-26,1024,Backpack,Accessories,1429,2,2858,Mumbai,Debit Card,2024,2,February,1
11642,2023-04-23,1135,Backpack,Accessories,1421,3,4263,Mumbai,UPI,2023,4,April,2
14529,2023-03-17,1842,Backpack,Accessories,1418,1,1418,Mumbai,UPI,2023,3,March,1
10834,2023-01-05,1998,Backpack,Accessories,1408,1,1408,Bangalore,Debit Card,2023,1,January,1
14790,2024-08-13,1100,Backpack,Accessories,1406,4,5624,Shimla,UPI,2024,8,August,3
11449,2023-07-07,1070,Backpack,Accessories,1404,3,4212,Mumbai,Cash on Delivery,2023,7,July,3
12423,2023-08-09,1966,Backpack,Accessories,1403,1,1403,Shimla,UPI,2023,8,August,3
11141,2024-10-22,1529,Backpack,Accessories,1400,1,1400,Shimla,Cash on Delivery,2024,10,October,4
11556,2024-08-02,1747,Backpack,Accessories,1396,3,4188,Shimla,Cash on Delivery,2024,8,August,3
12610,2024-10-08,1959,Backpack,Accessories,1392,2,2784,Bangalore,UPI,2024,10,October,4
10865,2023-09-10,1719,Backpack,Accessories,1391,4,5564,Bangalore,Cash on Delivery,2023,9,September,3
14072,2024-12-07,1852,Backpack,Accessories,1389,4,5556,Delhi,Cash on Delivery,2024,12,December,4
11868,2023-11-08,1757,Backpack,Accessories,1388,4,5552,Chandigarh,Debit Card,2023,11,November,4
13029,2023-02-10,1937,Backpack,Accessories,1385,3,4155,Delhi,Debit Card,2023,2,February,1
14451,2023-12-29,1757,Backpack,Accessories,1379,4,5516,Shimla,Credit Card,2023,12,December,4
11912,2024-08-21,1490,Backpack,Accessories,1376,4,5504,Chandigarh,Cash on Delivery,2024,8,August,3
11083,2024-11-26,1863,Backpack,Accessories,1376,2,2752,Delhi,Cash on Delivery,2024,11,November,4
10913,2023-04-21,1044,Backpack,Accessories,1368,3,4104,Chandigarh,Debit Card,2023,4,April,2
12231,2024-07-07,1983,Backpack,Accessories,1367,3,4101,Chandigarh,Debit Card,2024,7,July,3
13130,2023-03-09,1996,Backpack,Accessories,1366,4,5464,Mumbai,Cash on Delivery,2023,3,March,1
13712,2023-10-20,1893,Backpack,Accessories,1361,2,2722,Mumbai,Debit Card,2023,10,October,4
11052,2023-07-17,1807,Backpack,Accessories,1359,3,4077,Delhi,Credit Card,2023,7,July,3
10550,2024-06-08,1528,Backpack,Accessories,1355,3,4065,Chandigarh,Cash on Delivery,2024,6,June,2
10209,2024-09-16,1285,Backpack,Accessories,1352,4,5408,Mumbai,UPI,2024,9,September,3
14040,2024-10-22,1258,Backpack,Accessories,1350,2,2700,Jaipur,Cash on Delivery,2024,10,October,4
14079,2024-06-19,1030,Backpack,Accessories,1349,3,4047,Jaipur,Credit Card,2024,6,June,2
11995,2023-08-05,1190,Backpack,Accessories,1342,3,4026,Shimla,Credit Card,2023,8,August,3
14807,2023-07-01,1025,Backpack,Accessories,1339,1,1339,Delhi,Cash on Delivery,2023,7,July,3
14189,2023-07-11,1812,Backpack,Accessories,1338,3,4014,Shimla,Debit Card,2023,7,July,3
14954,2024-09-22,1382,Backpack,Accessories,1335,2,2670,Mumbai,Debit Card,2024,9,September,3
13019,2024-08-10,1824,Backpack,Accessories,1334,3,4002,Mumbai,Credit Card,2024,8,August,3
14496,2024-03-19,1449,Backpack,Accessories,1333,3,3999,Shimla,Credit Card,2024,3,March,1
10224,2024-12-30,1566,Backpack,Accessories,1331,1,1331,Bangalore,Credit Card,2024,12,December,4
12519,2024-01-20,1484,Backpack,Accessories,1329,2,2658,Chandigarh,UPI,2024,1,January,1
12556,2023-11-25,1129,Backpack,Accessories,1328,3,3984,Delhi,Debit Card,2023,11,November,4
13376,2023-11-21,1667,Backpack,Accessories,1327,1,1327,Mumbai,Credit Card,2023,11,November,4
13737,2023-06-22,1003,Backpack,Accessories,1325,2,2650,Mumbai,Cash on Delivery,2023,6,June,2
11570,2023-02-09,1880,Backpack,Accessories,1325,2,2650,Delhi,Credit Card,2023,2,February,1
11145,2023-07-21,1479,Backpack,Accessories,1325,2,2650,Chandigarh,Debit Card,2023,7,July,3
11501,2024-10-26,1254,Backpack,Accessories,1324,4,5296,Mumbai,Debit Card,2024,10,October,4
11163,2023-07-01,1598,Backpack,Accessories,1320,4,5280,Bangalore,Cash on Delivery,2023,7,July,3
10898,2023-08-19,1284,Backpack,Accessories,1318,3,3954,Shimla,Debit Card,2023,8,August,3
13824,2023-08-02,1258,Backpack,Accessories,1316,2,2632,Shimla,Credit Card,2023,8,August,3
14345,2024-02-17,1105,Backpack,Accessories,1315,4,5260,Bangalore,Cash on Delivery,2024,2,February,1
13719,2023-10-30,1356,Backpack,Accessories,1311,4,5244,Mumbai,UPI,2023,10,October,4
13310,2023-12-16,1293,Backpack,Accessories,1309,3,3927,Jaipur,Cash on Delivery,2023,12,December,4
10193,2024-01-09,1110,Backpack,Accessories,1305,3,3915,Jaipur,Credit Card,2024,1,January,1
11640,2023-02-15,1450,Backpack,Accessories,1305,1,1305,Bangalore,UPI,2023,2,February,1
12887,2023-04-22,1528,Backpack,Accessories,1303,4,5212,Chandigarh,Cash on Delivery,2023,4,April,2
13147,2024-05-08,1458,Backpack,Accessories,1294,2,2588,Jaipur,UPI,2024,5,May,2
13480,2023-07-03,1155,Backpack,Accessories,1294,2,2588,Delhi,Debit Card,2023,7,July,3
11601,2023-05-27,1452,Backpack,Accessories,1292,2,2584,Chandigarh,Credit Card,2023,5,May,2
13902,2024-07-27,1224,Backpack,Accessories,1285,2,2570,Jaipur,Cash on Delivery,2024,7,July,3
11590,2023-11-14,1411,Backpack,Accessories,1281,2,2562,Shimla,Cash on Delivery,2023,11,November,4
10708,2023-07-20,1423,Backpack,Accessories,1281,2,2562,Bangalore,Cash on Delivery,2023,7,July,3
11593,2024-11-28,1178,Backpack,Accessories,1277,3,3831,Chandigarh,UPI,2024,11,November,4
13477,2024-05-01,1485,Backpack,Accessories,1276,3,3828,Jaipur,Debit Card,2024,5,May,2
12293,2023-04-14,1861,Backpack,Accessories,1276,2,2552,Jaipur,Credit Card,2023,4,April,2
12180,2023-10-20,1689,Backpack,Accessories,1270,2,2540,Bangalore,UPI,2023,10,October,4
13920,2023-11-27,1300,Backpack,Accessories,1269,2,2538,Chandigarh,Credit Card,2023,11,November,4
13179,2024-06-16,1852,Backpack,Accessories,1266,1,1266,Chandigarh,Cash on Delivery,2024,6,June,2
12230,2023-04-12,1865,Backpack,Accessories,1261,4,5044,Mumbai,Debit Card,2023,4,April,2
12328,2023-05-23,1960,Backpack,Accessories,1258,2,2516,Shimla,Cash on Delivery,2023,5,May,2
11490,2024-01-24,1669,Backpack,Accessories,1258,2,2516,Chandigarh,UPI,2024,1,January,1
12124,2024-07-17,1382,Backpack,Accessories,1253,3,3759,Mumbai,Cash on Delivery,2024,7,July,3
12097,2023-06-03,1499,Backpack,Accessories,1253,1,1253,Shimla,Cash on Delivery,2023,6,June,2
14415,2023-11-27,1580,Backpack,Accessories,1250,4,5000,Mumbai,Cash on Delivery,2023,11,November,4
10109,2024-01-27,1071,Backpack,Accessories,1249,4,4996,Chandigarh,Cash on Delivery,2024,1,January,1
13030,2023-11-03,1543,Backpack,Accessories,1248,2,2496,Jaipur,Credit Card,2023,11,November,4
12947,2024-04-29,1894,Backpack,Accessories,1248,3,3744,Mumbai,UPI,2024,4,April,2
11525,2024-07-28,1937,Backpack,Accessories,1247,4,4988,Jaipur,Credit Card,2024,7,July,3
14621,2024-01-22,1909,Backpack,Accessories,1244,3,3732,Bangalore,Debit Card,2024,1,January,1
13710,2024-12-23,1313,Backpack,Accessories,1244,1,1244,Shimla,UPI,2024,12,December,4
13853,2024-07-24,1920,Backpack,Accessories,1244,4,4976,Delhi,Cash on Delivery,2024,7,July,3
12587,2024-09-17,1000,Backpack,Accessories,1241,3,3723,Chandigarh,Debit Card,2024,9,September,3
10402,2024-10-26,1281,Backpack,Accessories,1231,1,1231,Chandigarh,Credit Card,2024,10,October,4
12729,2023-07-30,1992,Backpack,Accessories,1227,4,4908,Chandigarh,Debit Card,2023,7,July,3
12590,2023-06-21,1179,Backpack,Accessories,1226,2,2452,Jaipur,UPI,2023,6,June,2
10759,2024-12-17,1790,Backpack,Accessories,1225,4,4900,Shimla,Credit Card,2024,12,December,4
10096,2023-02-10,1876,Backpack,Accessories,1223,3,3669,Chandigarh,Credit Card,2023,2,February,1
10360,2023-07-10,1933,Backpack,Accessories,1221,3,3663,Delhi,UPI,2023,7,July,3
13396,2023-12-29,1299,Backpack,Accessories,1221,1,1221,Delhi,Credit Card,2023,12,December,4
12116,2024-02-03,1125,Backpack,Accessories,1220,1,1220,Shimla,Credit Card,2024,2,February,1
13209,2023-12-28,1836,Backpack,Accessories,1218,3,3654,Mumbai,Credit Card,2023,12,December,4
11695,2024-06-21,1795,Backpack,Accessories,1217,1,1217,Mumbai,Debit Card,2024,6,June,2
11261,2023-10-12,1203,Backpack,Accessories,1216,4,4864,Delhi,Debit Card,2023,10,October,4
11917,2024-01-10,1220,Backpack,Accessories,1213,4,4852,Chandigarh,Cash on Delivery,2024,1,January,1
14849,2024-06-20,1497,Backpack,Accessories,1212,2,2424,Delhi,Cash on Delivery,2024,6,June,2
10154,2024-06-08,1126,Backpack,Accessories,1209,3,3627,Shimla,UPI,2024,6,June,2
11185,2023-03-04,1205,Backpack,Accessories,1204,2,2408,Jaipur,Cash on Delivery,2023,3,March,1
12564,2024-01-13,1719,Backpack,Accessories,1203,4,4812,Jaipur,Credit Card,2024,1,January,1
11747,2023-12-15,1438,Backpack,Accessories,1203,3,3609,Mumbai,UPI,2023,12,December,4
10512,2024-02-01,1605,Backpack,Accessories,1202,1,1202,Delhi,Cash on Delivery,2024,2,February,1
14464,2024-10-23,1105,Backpack,Accessories,1200,1,1200,Chandigarh,Cash on Delivery,2024,10,October,4
11999,2023-08-11,1989,Backpack,Accessories,1198,3,3594,Shimla,Cash on Delivery,2023,8,August,3
13982,2023-06-19,1610,Backpack,Accessories,1193,4,4772,Shimla,Cash on Delivery,2023,6,June,2
13873,2023-02-18,1368,Backpack,Accessories,1192,4,4768,Mumbai,Debit Card,2023,2,February,1
14276,2024-02-07,1356,Backpack,Accessories,1183,2,2366,Jaipur,Cash on Delivery,2024,2,February,1
11686,2024-01-16,1133,Backpack,Accessories,1180,1,1180,Delhi,UPI,2024,1,January,1
12098,2024-10-26,1594,Backpack,Accessories,1179,2,2358,Delhi,Credit Card,2024,10,October,4
11911,2024-04-22,1125,Backpack,Accessories,1179,4,4716,Jaipur,UPI,2024,4,April,2
10973,2023-04-28,1606,Backpack,Accessories,1177,1,1177,Shimla,Credit Card,2023,4,April,2
14280,2023-01-29,1067,Backpack,Accessories,1176,1,1176,Chandigarh,UPI,2023,1,January,1
11349,2024-11-06,1628,Backpack,Accessories,1175,2,2350,Shimla,UPI,2024,11,November,4
10335,2024-10-20,1227,Backpack,Accessories,1174,3,3522,Jaipur,Cash on Delivery,2024,10,October,4
11558,2024-09-01,1420,Backpack,Accessories,1173,2,2346,Bangalore,Debit Card,2024,9,September,3
11254,2024-11-03,1672,Backpack,Accessories,1172,4,4688,Shimla,Cash on Delivery,2024,11,November,4
12745,2024-04-25,1307,Backpack,Accessories,1171,1,1171,Delhi,UPI,2024,4,April,2
12566,2023-07-09,1924,Backpack,Accessories,1171,2,2342,Bangalore,Credit Card,2023,7,July,3
12720,2024-05-14,1153,Backpack,Accessories,1164,1,1164,Mumbai,Credit Card,2024,5,May,2
12118,2023-02-20,1438,Backpack,Accessories,1163,2,2326,Jaipur,UPI,2023,2,February,1
11248,2024-05-14,1851,Backpack,Accessories,1161,4,4644,Chandigarh,UPI,2024,5,May,2
13953,2024-03-25,1178,Backpack,Accessories,1160,4,4640,Delhi,UPI,2024,3,March,1
13983,2023-11-18,1290,Backpack,Accessories,1156,3,3468,Bangalore,Credit Card,2023,11,November,4
10172,2024-04-17,1499,Backpack,Accessories,1155,4,4620,Chandigarh,Cash on Delivery,2024,4,April,2
14066,2024-07-11,1831,Backpack,Accessories,1153,2,2306,Bangalore,UPI,2024,7,July,3
10176,2024-01-20,1931,Backpack,Accessories,1146,4,4584,Jaipur,Credit Card,2024,1,January,1
13573,2024-01-19,1145,Backpack,Accessories,1145,2,2290,Delhi,Cash on Delivery,2024,1,January,1
14945,2023-03-29,1343,Backpack,Accessories,1137,2,2274,Chandigarh,UPI,2023,3,March,1
11305,2023-04-19,1779,Backpack,Accessories,1135,2,2270,Mumbai,Debit Card,2023,4,April,2
13558,2024-07-02,1387,Backpack,Accessories,1134,2,2268,Chandigarh,Debit Card,2024,7,July,3
10467,2023-03-10,1137,Backpack,Accessories,1132,2,2264,Jaipur,Debit Card,2023,3,March,1
13642,2024-02-12,1493,Backpack,Accessories,1130,4,4520,Jaipur,Cash on Delivery,2024,2,February,1
14986,2023-07-11,1102,Backpack,Accessories,1121,2,2242,Bangalore,Cash on Delivery,2023,7,July,3
12023,2023-11-07,1807,Backpack,Accessories,1117,4,4468,Mumbai,Credit Card,2023,11,November,4
11098,2023-03-10,1670,Backpack,Accessories,1117,2,2234,Delhi,Cash on Delivery,2023,3,March,1
11632,2023-12-22,1903,Backpack,Accessories,1117,3,3351,Delhi,Debit Card,2023,12,December,4
14999,2023-03-27,1909,Backpack,Accessories,1116,2,2232,Bangalore,Debit Card,2023,3,March,1
10411,2023-11-01,1131,Backpack,Accessories,1115,4,4460,Chandigarh,Cash on Delivery,2023,11,November,4
13373,2023-05-06,1083,Backpack,Accessories,1115,1,1115,Chandigarh,Credit Card,2023,5,May,2
13987,2024-09-04,1896,Backpack,Accessories,1114,4,4456,Bangalore,UPI,2024,9,September,3
11476,2024-08-30,1186,Backpack,Accessories,1114,3,3342,Shimla,Debit Card,2024,8,August,3
12966,2023-08-08,1252,Backpack,Accessories,1112,2,2224,Jaipur,Cash on Delivery,2023,8,August,3
11471,2024-02-18,1412,Backpack,Accessories,1110,1,1110,Mumbai,Debit Card,2024,2,February,1
10023,2024-02-18,1423,Backpack,Accessories,1104,1,1104,Chandigarh,Credit Card,2024,2,February,1
10719,2023-01-10,1446,Backpack,Accessories,1103,1,1103,Shimla,Cash on Delivery,2023,1,January,1
10097,2023-06-06,1848,Backpack,Accessories,1100,2,2200,Mumbai,Credit Card,2023,6,June,2
10451,2024-05-02,1363,Backpack,Accessories,1092,2,2184,Delhi,Credit Card,2024,5,May,2
10576,2023-04-09,1005,Backpack,Accessories,1087,4,4348,Shimla,Credit Card,2023,4,April,2
10152,2024-06-24,1307,Backpack,Accessories,1086,1,1086,Bangalore,Credit Card,2024,6,June,2
13450,2023-04-21,1652,Backpack,Accessories,1083,2,2166,Delhi,Cash on Delivery,2023,4,April,2
13343,2023-06-05,1460,Backpack,Accessories,1080,3,3240,Chandigarh,Cash on Delivery,2023,6,June,2
11029,2024-07-27,1194,Backpack,Accessories,1080,4,4320,Mumbai,Credit Card,2024,7,July,3
10701,2023-11-12,1092,Backpack,Accessories,1077,3,3231,Bangalore,Credit Card,2023,11,November,4
13779,2023-06-20,1419,Backpack,Accessories,1076,2,2152,Jaipur,Credit Card,2023,6,June,2
12386,2024-03-22,1295,Backpack,Accessories,1072,1,1072,Delhi,Credit Card,2024,3,March,1
12722,2023-06-11,1091,Backpack,Accessories,1070,1,1070,Delhi,Cash on Delivery,2023,6,June,2
14728,2024-04-29,1857,Backpack,Accessories,1068,1,1068,Jaipur,Debit Card,2024,4,April,2
10925,2024-11-22,1947,Backpack,Accessories,1068,4,4272,Mumbai,Debit Card,2024,11,November,4
13022,2023-06-05,1971,Backpack,Accessories,1067,4,4268,Chandigarh,UPI,2023,6,June,2
12187,2023-06-16,1738,Backpack,Accessories,1064,4,4256,Delhi,Credit Card,2023,6,June,2
14897,2023-07-12,1662,Backpack,Accessories,1063,1,1063,Delhi,Credit Card,2023,7,July,3
14911,2023-02-28,1604,Backpack,Accessories,1058,2,2116,Jaipur,Cash on Delivery,2023,2,February,1
13081,2024-07-03,1807,Backpack,Accessories,1058,1,1058,Chandigarh,Cash on Delivery,2024,7,July,3
12608,2023-12-26,1681,Backpack,Accessories,1058,1,1058,Mumbai,Debit Card,2023,12,December,4
10410,2023-12-08,1470,Backpack,Accessories,1051,1,1051,Mumbai,Credit Card,2023,12,December,4
10947,2024-06-26,1586,Backpack,Accessories,1050,2,2100,Chandigarh,Cash on Delivery,2024,6,June,2
13861,2024-01-29,1892,Backpack,Accessories,1048,1,1048,Bangalore,Cash on Delivery,2024,1,January,1
14571,2023-07-25,1974,Backpack,Accessories,1046,1,1046,Mumbai,UPI,2023,7,July,3
14893,2023-07-01,1226,Backpack,Accessories,1045,2,2090,Delhi,UPI,2023,7,July,3
12487,2023-04-15,1537,Backpack,Accessories,1045,3,3135,Mumbai,Cash on Delivery,2023,4,April,2
13249,2024-07-11,1181,Backpack,Accessories,1038,4,4152,Bangalore,Cash on Delivery,2024,7,July,3
14324,2023-05-28,1946,Backpack,Accessories,1037,2,2074,Chandigarh,Credit Card,2023,5,May,2
13092,2024-02-28,1250,Backpack,Accessories,1034,2,2068,Shimla,UPI,2024,2,February,1
11929,2023-05-25,1480,Backpack,Accessories,1030,3,3090,Bangalore,Debit Card,2023,5,May,2
14582,2023-12-29,1797,Backpack,Accessories,1027,3,3081,Chandigarh,Credit Card,2023,12,December,4
14519,2023-04-19,1609,Backpack,Accessories,1027,1,1027,Delhi,Debit Card,2023,4,April,2
11857,2024-11-15,1798,Backpack,Accessories,1024,2,2048,Chandigarh,Cash on Delivery,2024,11,November,4
10738,2024-05-25,1533,Backpack,Accessories,1024,4,4096,Mumbai,Credit Card,2024,5,May,2
13172,2024-07-12,1010,Backpack,Accessories,1021,4,4084,Shimla,UPI,2024,7,July,3
10684,2024-07-19,1884,Backpack,Accessories,1020,3,3060,Jaipur,Debit Card,2024,7,July,3
11512,2024-03-15,1581,Backpack,Accessories,1015,3,3045,Delhi,Credit Card,2024,3,March,1
10651,2023-12-14,1857,Backpack,Accessories,1015,3,3045,Bangalore,UPI,2023,12,December,4
10466,2023-08-08,1241,Backpack,Accessories,1013,1,1013,Jaipur,Cash on Delivery,2023,8,August,3
12200,2024-09-22,1367,Backpack,Accessories,1009,2,2018,Shimla,Cash on Delivery,2024,9,September,3
13229,2024-12-04,1421,Backpack,Accessories,1007,4,4028,Bangalore,Debit Card,2024,12,December,4
13254,2023-01-19,1862,Backpack,Accessories,1003,1,1003,Shimla,Cash on Delivery,2023,1,January,1
